"video_id","video_length","video_language","video_upload_date","video_quality"
2374,1760,"Cn","2014-12-06","480p"
1897,489,"Cn","2014-12-10","720p"
2386,1273,"Es","2014-12-05","480p"
2912,986,"Es","2014-12-10","240p"
2432,1050,"Other","2014-12-10","480p"
2385,377,"Cn","2014-12-12","360p"
2104,380,"En","2014-12-16","720p"
1142,988,"Other","2014-12-10","360p"
460,1226,"Other","2014-12-03","360p"
2484,1145,"Other","2014-12-02","1080p"
903,751,"Cn","2014-12-13","720p"
2072,207,"En","2014-12-18","480p"
2845,586,"Other","2014-12-03","720p"
2362,1028,"Cn","2014-12-04","720p"
849,441,"Other","2014-12-09","1080p"
2469,230,"Other","2014-12-02","720p"
879,699,"Es","2014-12-13","1080p"
2701,104,"En","2014-12-14","480p"
2021,354,"En","2014-12-03","1080p"
611,189,"Other","2014-12-18","720p"
982,726,"Es","2014-12-18","720p"
2380,1746,"Other","2014-12-07","240p"
2815,555,"Es","2014-12-17","720p"
2154,406,"Cn","2014-12-12","720p"
1565,482,"Cn","2014-12-11","360p"
2027,1640,"Other","2014-12-02","480p"
1740,785,"Cn","2014-12-02","720p"
2625,422,"Es","2014-12-19","720p"
2825,41,"Other","2014-12-18","360p"
2044,529,"Es","2014-12-15","720p"
2947,446,"Cn","2014-12-19","480p"
1325,390,"Es","2014-12-15","480p"
2580,327,"Cn","2014-12-18","480p"
23,507,"En","2014-12-15","360p"
2419,582,"Fr","2014-12-22","480p"
1358,370,"De","2014-12-12","480p"
687,816,"Other","2014-12-10","720p"
597,265,"En","2014-12-11","480p"
1575,524,"En","2014-12-12","1080p"
1943,1052,"Other","2014-12-07","480p"
328,1202,"Cn","2014-12-09","1080p"
118,1228,"Fr","2014-12-08","480p"
988,445,"En","2014-12-13","240p"
1791,337,"Es","2014-12-15","1080p"
1865,502,"Cn","2014-12-18","1080p"
1504,319,"Other","2014-12-18","1080p"
2892,784,"Cn","2014-12-11","360p"
617,370,"En","2014-12-21","480p"
1400,731,"De","2014-12-21","480p"
2513,468,"Other","2014-12-06","1080p"
384,517,"Cn","2014-12-15","480p"
2050,540,"En","2014-12-02","1080p"
2909,489,"Other","2014-12-09","1080p"
476,150,"En","2014-12-15","1080p"
2724,656,"Cn","2014-12-09","240p"
938,325,"En","2014-12-19","480p"
1176,667,"Other","2014-12-03","360p"
1974,1228,"En","2014-12-04","1080p"
1783,299,"En","2014-12-17","720p"
2581,209,"En","2014-12-13","720p"
493,1067,"Other","2014-12-03","480p"
2141,822,"Other","2014-12-11","720p"
1191,413,"Other","2014-12-02","480p"
1954,459,"Other","2014-12-15","1080p"
1287,488,"Cn","2014-12-11","720p"
2183,574,"En","2014-12-12","240p"
767,604,"Cn","2014-12-18","480p"
998,1546,"En","2014-12-03","1080p"
1131,1179,"Cn","2014-12-02","1080p"
2522,260,"Cn","2014-12-17","480p"
172,1355,"Es","2014-12-13","1080p"
2707,846,"Cn","2014-12-10","480p"
244,480,"Cn","2014-12-09","360p"
58,326,"Es","2014-12-23","720p"
2123,150,"Other","2014-12-17","480p"
1984,1227,"En","2014-12-10","480p"
872,1168,"En","2014-12-12","720p"
2485,1158,"Cn","2014-12-22","720p"
2224,219,"Cn","2014-12-15","720p"
2009,1603,"En","2014-12-06","1080p"
1378,90,"Cn","2014-12-07","360p"
1763,115,"Es","2014-12-10","240p"
1030,465,"En","2014-12-18","1080p"
556,1438,"En","2014-12-09","360p"
2175,651,"Cn","2014-12-14","1080p"
614,691,"Es","2014-12-05","720p"
2508,279,"Es","2014-12-10","1080p"
1135,807,"Cn","2014-12-10","1080p"
2525,92,"Cn","2014-12-24","1080p"
1165,56,"Cn","2014-12-15","360p"
1159,701,"Other","2014-12-08","1080p"
559,388,"En","2014-12-12","1080p"
454,902,"Cn","2014-12-11","360p"
409,601,"Other","2014-12-18","1080p"
1098,664,"Fr","2014-12-08","1080p"
2443,732,"Other","2014-12-20","1080p"
985,313,"Cn","2014-12-10","480p"
2875,532,"Cn","2014-12-10","720p"
545,673,"Es","2014-12-09","360p"
1892,846,"Es","2014-12-11","480p"
2020,471,"En","2014-12-18","480p"
585,103,"Other","2014-12-14","480p"
4,545,"En","2014-12-11","360p"
2240,1666,"En","2014-12-10","480p"
1716,398,"Other","2014-12-23","1080p"
1069,46,"Cn","2014-12-18","1080p"
1747,627,"Other","2014-12-18","480p"
630,568,"Es","2014-12-04","360p"
2165,363,"Other","2014-12-11","720p"
1726,1915,"Cn","2014-12-08","480p"
1355,1077,"En","2014-12-07","720p"
2940,225,"En","2014-12-17","720p"
1088,277,"En","2014-12-05","1080p"
1479,1244,"Other","2014-12-06","480p"
1084,479,"Es","2014-12-06","720p"
2467,426,"Fr","2014-12-03","480p"
1177,1162,"En","2014-12-10","1080p"
2454,1068,"Cn","2014-12-15","720p"
2239,525,"Other","2014-12-15","720p"
410,945,"En","2014-12-05","720p"
2839,1280,"Es","2014-12-08","480p"
2409,625,"Cn","2014-12-12","480p"
698,164,"En","2014-12-17","720p"
957,446,"Es","2014-12-24","360p"
2734,498,"En","2014-12-23","720p"
2219,1022,"Es","2014-12-18","1080p"
2435,580,"Other","2014-12-22","720p"
655,1077,"Other","2014-12-05","360p"
1717,231,"Cn","2014-12-12","720p"
1736,287,"Other","2014-12-12","1080p"
2586,817,"Other","2014-12-19","720p"
599,610,"Es","2014-12-06","720p"
263,539,"Cn","2014-12-16","720p"
2741,655,"En","2014-12-06","720p"
2414,815,"En","2014-12-14","480p"
884,839,"Other","2014-12-10","1080p"
1370,881,"En","2014-12-13","360p"
1961,1275,"Other","2014-12-05","1080p"
914,1089,"Es","2014-12-06","1080p"
1900,206,"Cn","2014-12-18","480p"
15,248,"Fr","2014-12-24","720p"
2554,790,"En","2014-12-09","720p"
64,55,"En","2014-12-21","360p"
1886,1496,"Es","2014-12-04","1080p"
291,994,"Cn","2014-12-21","1080p"
318,1095,"Cn","2014-12-06","1080p"
314,923,"Other","2014-12-03","360p"
2287,1314,"Other","2014-12-10","720p"
92,305,"Cn","2014-12-12","360p"
1934,516,"Cn","2014-12-09","720p"
367,1285,"En","2014-12-05","1080p"
2074,845,"Cn","2014-12-10","480p"
2342,606,"Cn","2014-12-09","480p"
1256,1347,"En","2014-12-13","720p"
735,372,"Cn","2014-12-04","480p"
343,296,"En","2014-12-23","360p"
1338,963,"Cn","2014-12-12","240p"
891,555,"Cn","2014-12-15","1080p"
2132,1138,"Other","2014-12-02","1080p"
981,965,"Other","2014-12-11","480p"
2854,973,"En","2014-12-06","1080p"
1698,989,"Cn","2014-12-15","480p"
2523,692,"En","2014-12-11","720p"
977,451,"De","2014-12-18","480p"
1936,742,"En","2014-12-17","480p"
697,1284,"Cn","2014-12-06","480p"
2417,668,"Cn","2014-12-18","480p"
2640,710,"En","2014-12-23","480p"
351,200,"Cn","2014-12-15","360p"
2675,556,"Cn","2014-12-06","360p"
1982,1008,"Other","2014-12-07","480p"
501,470,"Cn","2014-12-17","720p"
728,561,"En","2014-12-18","1080p"
1233,627,"En","2014-12-20","720p"
1280,728,"En","2014-12-10","720p"
103,921,"En","2014-12-10","480p"
415,670,"En","2014-12-09","360p"
864,980,"Cn","2014-12-18","1080p"
1227,1197,"Other","2014-12-02","240p"
363,822,"Cn","2014-12-13","1080p"
260,1053,"Other","2014-12-03","1080p"
245,749,"Cn","2014-12-17","360p"
1906,807,"Other","2014-12-06","1080p"
19,592,"Es","2014-12-12","1080p"
380,1837,"Other","2014-12-10","240p"
528,858,"En","2014-12-16","1080p"
778,279,"En","2014-12-09","360p"
856,801,"En","2014-12-11","1080p"
1224,212,"En","2014-12-10","720p"
1477,82,"Es","2014-12-09","1080p"
2315,770,"Cn","2014-12-11","720p"
979,506,"Es","2014-12-09","480p"
2661,900,"En","2014-12-04","720p"
818,72,"En","2014-12-09","720p"
2669,391,"De","2014-12-18","240p"
2793,392,"Cn","2014-12-20","240p"
1753,248,"Cn","2014-12-17","480p"
1850,786,"Cn","2014-12-12","480p"
1677,1121,"Other","2014-12-11","1080p"
579,717,"Cn","2014-12-17","720p"
1598,1355,"En","2014-12-15","360p"
2445,1402,"Other","2014-12-03","480p"
1152,567,"En","2014-12-17","360p"
2366,1363,"Es","2014-12-09","1080p"
1133,834,"En","2014-12-09","720p"
751,1225,"Cn","2014-12-05","240p"
1096,1077,"Other","2014-12-09","480p"
1878,1258,"En","2014-12-05","720p"
2990,97,"Cn","2014-12-15","360p"
2356,965,"En","2014-12-11","480p"
2040,514,"Cn","2014-12-12","1080p"
1335,1064,"Other","2014-12-15","360p"
180,516,"Cn","2014-12-10","720p"
231,744,"Cn","2014-12-17","480p"
2792,511,"Fr","2014-12-07","240p"
1356,512,"En","2014-12-11","480p"
2986,1017,"Cn","2014-12-18","1080p"
1457,748,"Cn","2014-12-12","240p"
1028,398,"Other","2014-12-09","720p"
854,133,"En","2014-12-15","720p"
305,1400,"En","2014-12-05","240p"
1379,1171,"Es","2014-12-18","1080p"
1971,881,"Cn","2014-12-10","1080p"
1107,240,"En","2014-12-22","720p"
1383,702,"Cn","2014-12-04","480p"
1486,388,"Es","2014-12-11","360p"
741,75,"Es","2014-12-17","480p"
236,757,"En","2014-12-03","1080p"
2410,381,"Other","2014-12-09","1080p"
166,169,"En","2014-12-17","480p"
1523,1364,"En","2014-12-03","480p"
2022,1101,"Fr","2014-12-03","1080p"
2005,41,"Es","2014-12-12","1080p"
1534,670,"En","2014-12-14","1080p"
1703,1234,"Other","2014-12-09","1080p"
259,251,"Other","2014-12-17","720p"
1977,10,"Es","2014-12-23","240p"
2551,80,"Es","2014-12-11","480p"
2819,357,"Es","2014-12-16","1080p"
378,401,"Cn","2014-12-10","720p"
27,437,"De","2014-12-09","1080p"
2910,139,"Other","2014-12-11","720p"
2818,979,"Cn","2014-12-19","1080p"
1750,737,"En","2014-12-14","1080p"
1137,407,"En","2014-12-15","480p"
1732,104,"En","2014-12-09","240p"
2254,1139,"Other","2014-12-08","360p"
2520,1481,"Other","2014-12-19","1080p"
2736,107,"Other","2014-12-13","480p"
273,1172,"En","2014-12-11","1080p"
101,260,"Other","2014-12-15","1080p"
2905,420,"En","2014-12-16","1080p"
2108,1773,"En","2014-12-05","720p"
359,722,"Cn","2014-12-24","1080p"
2243,670,"Cn","2014-12-14","1080p"
2429,630,"En","2014-12-18","240p"
2159,1577,"En","2014-12-03","480p"
933,62,"Es","2014-12-22","240p"
2149,823,"Es","2014-12-10","1080p"
2331,1367,"En","2014-12-12","1080p"
430,212,"En","2014-12-14","1080p"
2168,335,"En","2014-12-07","480p"
2849,710,"En","2014-12-02","240p"
652,664,"Cn","2014-12-10","360p"
2823,1449,"En","2014-12-09","720p"
2667,778,"Cn","2014-12-09","360p"
1636,1277,"Other","2014-12-11","720p"
2223,110,"Es","2014-12-23","1080p"
1525,616,"En","2014-12-14","720p"
1903,683,"Cn","2014-12-09","720p"
210,1098,"Cn","2014-12-21","480p"
2344,697,"Cn","2014-12-09","720p"
2328,910,"Other","2014-12-05","480p"
1986,1115,"En","2014-12-07","720p"
2453,1514,"En","2014-12-06","720p"
2194,934,"Cn","2014-12-06","240p"
432,566,"Cn","2014-12-16","1080p"
2743,423,"Other","2014-12-18","480p"
2202,194,"Other","2014-12-09","480p"
292,511,"Es","2014-12-16","1080p"
2127,814,"Cn","2014-12-07","1080p"
530,447,"En","2014-12-18","1080p"
1847,250,"Cn","2014-12-18","1080p"
1599,958,"Other","2014-12-20","360p"
2482,488,"En","2014-12-16","720p"
1268,943,"Other","2014-12-05","480p"
883,437,"Cn","2014-12-16","480p"
235,490,"Other","2014-12-14","720p"
875,440,"Cn","2014-12-10","240p"
2504,859,"Cn","2014-12-13","240p"
50,41,"En","2014-12-15","720p"
1904,1096,"En","2014-12-08","1080p"
2135,287,"En","2014-12-13","720p"
1309,295,"Cn","2014-12-19","720p"
512,567,"En","2014-12-23","1080p"
819,1414,"Es","2014-12-11","1080p"
2351,786,"Other","2014-12-12","480p"
1150,786,"Es","2014-12-17","360p"
2413,259,"Cn","2014-12-18","360p"
874,778,"Other","2014-12-09","360p"
451,833,"En","2014-12-17","480p"
1921,113,"Cn","2014-12-16","720p"
2853,1305,"Cn","2014-12-07","720p"
1772,1307,"En","2014-12-15","1080p"
1342,858,"Cn","2014-12-09","1080p"
928,1248,"Cn","2014-12-02","480p"
1188,532,"De","2014-12-17","720p"
2400,895,"En","2014-12-12","240p"
2950,426,"Cn","2014-12-03","1080p"
2980,780,"Cn","2014-12-02","1080p"
2873,55,"Cn","2014-12-09","1080p"
1923,360,"Other","2014-12-04","480p"
2798,1336,"Other","2014-12-08","1080p"
1124,597,"Es","2014-12-18","360p"
2604,1042,"Cn","2014-12-02","1080p"
978,216,"Cn","2014-12-19","1080p"
1634,194,"En","2014-12-14","480p"
704,726,"Es","2014-12-04","480p"
2657,327,"Cn","2014-12-10","360p"
2518,1417,"Es","2014-12-03","360p"
2446,859,"Es","2014-12-15","480p"
1583,1063,"Cn","2014-12-07","720p"
332,335,"En","2014-12-10","1080p"
793,1363,"Es","2014-12-03","1080p"
2395,620,"Cn","2014-12-09","360p"
942,262,"Cn","2014-12-18","480p"
2899,1131,"Es","2014-12-11","480p"
2662,92,"Es","2014-12-17","480p"
1217,708,"En","2014-12-11","480p"
1183,1121,"Cn","2014-12-04","240p"
721,597,"Fr","2014-12-09","360p"
648,1226,"Cn","2014-12-09","720p"
1061,87,"Cn","2014-12-16","1080p"
680,1095,"En","2014-12-05","360p"
2269,419,"En","2014-12-04","360p"
282,1445,"Es","2014-12-04","480p"
2810,373,"Cn","2014-12-17","360p"
1481,683,"De","2014-12-12","720p"
1296,1446,"En","2014-12-08","360p"
1774,944,"Cn","2014-12-18","720p"
463,760,"Cn","2014-12-09","360p"
622,504,"En","2014-12-16","1080p"
932,142,"En","2014-12-11","1080p"
2791,1748,"Cn","2014-12-10","720p"
1823,1599,"Other","2014-12-02","480p"
720,1084,"Other","2014-12-02","480p"
1797,687,"Cn","2014-12-08","1080p"
2881,955,"Other","2014-12-04","1080p"
2867,404,"En","2014-12-16","480p"
2689,113,"Es","2014-12-16","480p"
2280,502,"Cn","2014-12-07","480p"
964,1546,"Other","2014-12-10","1080p"
2215,64,"Cn","2014-12-09","1080p"
1563,577,"En","2014-12-19","720p"
349,313,"En","2014-12-15","1080p"
2702,446,"Fr","2014-12-21","480p"
2906,894,"En","2014-12-18","360p"
1882,561,"Other","2014-12-15","240p"
447,875,"Fr","2014-12-07","720p"
1054,76,"En","2014-12-20","720p"
1879,1335,"De","2014-12-06","480p"
2084,1182,"Cn","2014-12-05","1080p"
2683,1225,"En","2014-12-08","720p"
2333,379,"Cn","2014-12-10","480p"
2691,1689,"Other","2014-12-11","1080p"
876,311,"Cn","2014-12-24","720p"
2052,239,"Es","2014-12-13","360p"
74,1205,"De","2014-12-12","360p"
398,224,"Other","2014-12-04","480p"
609,904,"Cn","2014-12-12","240p"
297,1038,"De","2014-12-18","1080p"
2003,1746,"En","2014-12-07","1080p"
2261,384,"Cn","2014-12-21","1080p"
1600,59,"Es","2014-12-13","240p"
2685,145,"Cn","2014-12-13","1080p"
1312,1248,"En","2014-12-05","1080p"
2737,97,"En","2014-12-20","720p"
1024,1108,"Cn","2014-12-10","360p"
764,838,"Other","2014-12-08","240p"
2221,1391,"Other","2014-12-09","1080p"
685,302,"Cn","2014-12-23","720p"
2814,23,"Cn","2014-12-17","480p"
2645,52,"Cn","2014-12-13","720p"
1241,88,"Cn","2014-12-20","360p"
268,461,"Other","2014-12-10","360p"
2918,1108,"Es","2014-12-03","720p"
602,624,"Cn","2014-12-16","360p"
2666,695,"En","2014-12-09","720p"
2273,1303,"Other","2014-12-03","360p"
22,423,"En","2014-12-13","720p"
2037,530,"En","2014-12-11","240p"
1544,377,"Cn","2014-12-03","480p"
904,377,"Es","2014-12-17","240p"
360,895,"Cn","2014-12-13","1080p"
948,117,"En","2014-12-17","1080p"
207,1274,"En","2014-12-09","1080p"
520,400,"En","2014-12-13","1080p"
575,251,"Es","2014-12-21","1080p"
2059,859,"Cn","2014-12-10","480p"
1007,1248,"Cn","2014-12-09","240p"
1505,1156,"Es","2014-12-05","1080p"
1808,622,"Other","2014-12-13","480p"
2590,1224,"Cn","2014-12-15","1080p"
1057,629,"Cn","2014-12-18","480p"
1375,709,"Cn","2014-12-24","720p"
1139,180,"Fr","2014-12-10","720p"
1972,104,"En","2014-12-11","1080p"
1363,1082,"Cn","2014-12-11","720p"
1029,75,"Cn","2014-12-14","360p"
2920,56,"Cn","2014-12-11","480p"
223,627,"Other","2014-12-22","360p"
1649,1203,"Cn","2014-12-13","480p"
782,530,"Other","2014-12-10","720p"
829,671,"En","2014-12-10","720p"
1955,608,"Cn","2014-12-16","1080p"
1610,404,"En","2014-12-13","1080p"
1856,1044,"Other","2014-12-11","720p"
226,724,"Other","2014-12-08","240p"
2071,1153,"Other","2014-12-09","480p"
1500,377,"Other","2014-12-08","1080p"
2783,910,"Cn","2014-12-15","240p"
1983,191,"Other","2014-12-11","360p"
2641,585,"Cn","2014-12-15","1080p"
287,1203,"Cn","2014-12-11","240p"
1834,550,"Cn","2014-12-13","1080p"
413,1017,"Es","2014-12-04","720p"
2399,1096,"Cn","2014-12-13","720p"
1078,262,"Cn","2014-12-14","240p"
2996,556,"Es","2014-12-02","480p"
1062,577,"En","2014-12-23","1080p"
1120,1131,"Es","2014-12-11","360p"
1511,1411,"Other","2014-12-04","1080p"
1337,1308,"Fr","2014-12-09","1080p"
1431,501,"En","2014-12-13","360p"
2606,186,"Cn","2014-12-13","360p"
2529,439,"En","2014-12-17","240p"
2908,240,"En","2014-12-19","720p"
2929,999,"Cn","2014-12-08","1080p"
1540,869,"Fr","2014-12-05","1080p"
623,485,"Other","2014-12-10","480p"
540,438,"Es","2014-12-19","720p"
1155,785,"Cn","2014-12-14","360p"
1586,544,"Es","2014-12-12","240p"
2841,602,"Cn","2014-12-13","480p"
1482,1257,"En","2014-12-05","480p"
1794,980,"En","2014-12-08","1080p"
1097,709,"Es","2014-12-10","720p"
82,324,"En","2014-12-21","1080p"
1308,379,"En","2014-12-14","1080p"
862,388,"Cn","2014-12-14","1080p"
1435,790,"En","2014-12-17","1080p"
580,1292,"En","2014-12-11","480p"
1665,1070,"En","2014-12-06","480p"
1628,1275,"En","2014-12-09","720p"
913,145,"Cn","2014-12-15","1080p"
1439,703,"Other","2014-12-03","360p"
154,1603,"En","2014-12-10","1080p"
2336,943,"Es","2014-12-17","1080p"
893,561,"Other","2014-12-24","1080p"
1963,878,"Cn","2014-12-17","480p"
1229,1335,"En","2014-12-09","480p"
2733,1445,"En","2014-12-10","480p"
216,846,"Cn","2014-12-15","480p"
479,710,"En","2014-12-10","1080p"
191,518,"Other","2014-12-22","1080p"
2335,30,"En","2014-12-18","720p"
2348,1328,"En","2014-12-05","1080p"
93,126,"Fr","2014-12-22","360p"
2656,623,"Es","2014-12-11","1080p"
298,697,"Es","2014-12-10","720p"
1683,523,"En","2014-12-21","1080p"
2329,282,"Other","2014-12-20","720p"
2506,873,"Other","2014-12-10","720p"
1480,482,"Cn","2014-12-16","1080p"
336,419,"En","2014-12-15","720p"
2065,745,"De","2014-12-11","720p"
508,135,"Other","2014-12-10","720p"
117,291,"En","2014-12-17","360p"
2598,485,"Es","2014-12-17","1080p"
2463,1215,"Cn","2014-12-06","480p"
1099,318,"En","2014-12-10","480p"
2407,821,"Fr","2014-12-24","360p"
639,517,"De","2014-12-05","240p"
689,1481,"En","2014-12-22","720p"
1059,472,"En","2014-12-24","720p"
1503,915,"En","2014-12-14","1080p"
2148,420,"Cn","2014-12-23","1080p"
770,1249,"En","2014-12-06","480p"
845,703,"En","2014-12-11","480p"
509,700,"Cn","2014-12-22","360p"
2609,1022,"Cn","2014-12-21","720p"
2032,1028,"Other","2014-12-09","720p"
2955,488,"En","2014-12-11","1080p"
112,863,"En","2014-12-19","1080p"
606,627,"Fr","2014-12-07","480p"
1964,1168,"Cn","2014-12-10","240p"
1588,1606,"Other","2014-12-10","240p"
2367,489,"Cn","2014-12-12","1080p"
1222,951,"En","2014-12-11","480p"
315,166,"Other","2014-12-11","720p"
335,278,"Es","2014-12-17","1080p"
2100,670,"Other","2014-12-18","720p"
1448,506,"Other","2014-12-04","720p"
2528,369,"Cn","2014-12-09","480p"
2593,207,"Cn","2014-12-18","720p"
1694,684,"Es","2014-12-03","240p"
2190,1051,"En","2014-12-19","720p"
303,1070,"En","2014-12-06","720p"
76,245,"Cn","2014-12-05","720p"
541,135,"Cn","2014-12-14","720p"
1413,494,"Cn","2014-12-10","360p"
1407,166,"Other","2014-12-17","240p"
2207,1734,"Es","2014-12-03","240p"
1350,568,"Other","2014-12-05","480p"
42,357,"Other","2014-12-10","240p"
1933,1018,"Cn","2014-12-10","480p"
665,472,"En","2014-12-24","240p"
1384,185,"Es","2014-12-12","1080p"
1803,1213,"Other","2014-12-08","1080p"
1911,1229,"Cn","2014-12-03","1080p"
1297,544,"Cn","2014-12-15","720p"
2390,733,"Cn","2014-12-20","720p"
1305,24,"En","2014-12-16","1080p"
1952,197,"En","2014-12-08","720p"
537,294,"Es","2014-12-18","720p"
944,598,"Other","2014-12-11","720p"
898,480,"En","2014-12-21","360p"
2602,416,"En","2014-12-05","720p"
334,393,"En","2014-12-12","1080p"
594,610,"Other","2014-12-17","360p"
1866,1332,"Fr","2014-12-03","240p"
2886,701,"En","2014-12-09","1080p"
960,1127,"En","2014-12-11","1080p"
67,936,"Cn","2014-12-23","240p"
312,432,"En","2014-12-12","720p"
2182,671,"Cn","2014-12-15","480p"
1467,778,"Other","2014-12-14","720p"
2066,760,"Other","2014-12-03","480p"
2424,176,"Other","2014-12-17","480p"
799,1067,"En","2014-12-12","480p"
2964,672,"En","2014-12-18","720p"
1026,691,"Cn","2014-12-24","720p"
232,1071,"Other","2014-12-17","1080p"
1415,198,"Es","2014-12-18","720p"
2382,891,"Cn","2014-12-12","1080p"
1017,293,"Es","2014-12-23","720p"
2847,567,"Fr","2014-12-15","480p"
381,722,"Es","2014-12-03","720p"
1969,251,"En","2014-12-15","240p"
2851,1211,"En","2014-12-04","1080p"
2902,504,"En","2014-12-15","360p"
127,651,"En","2014-12-12","1080p"
2393,131,"Es","2014-12-11","720p"
800,365,"Other","2014-12-23","720p"
558,61,"Cn","2014-12-22","240p"
1288,279,"Other","2014-12-14","480p"
624,1108,"Other","2014-12-03","1080p"
729,838,"Other","2014-12-06","480p"
850,1400,"De","2014-12-03","480p"
1329,471,"En","2014-12-23","480p"
1770,1366,"Cn","2014-12-09","1080p"
2901,1082,"En","2014-12-06","480p"
1164,883,"Other","2014-12-07","720p"
1573,995,"Fr","2014-12-15","240p"
1859,1031,"Cn","2014-12-05","720p"
2576,585,"Other","2014-12-02","1080p"
1908,828,"De","2014-12-09","720p"
2257,1309,"En","2014-12-10","1080p"
2452,1300,"De","2014-12-03","720p"
1526,631,"En","2014-12-10","360p"
511,481,"Cn","2014-12-18","480p"
2811,155,"En","2014-12-11","1080p"
300,44,"Es","2014-12-05","360p"
309,1389,"Other","2014-12-10","360p"
1153,254,"En","2014-12-22","1080p"
1,1496,"Es","2014-12-04","720p"
794,370,"Other","2014-12-15","360p"
694,455,"Other","2014-12-02","1080p"
524,1412,"En","2014-12-10","480p"
2570,181,"Cn","2014-12-15","360p"
1190,841,"Es","2014-12-04","360p"
2744,248,"En","2014-12-16","720p"
813,1330,"Other","2014-12-02","360p"
1009,610,"Fr","2014-12-09","1080p"
514,423,"Cn","2014-12-13","1080p"
583,528,"Cn","2014-12-16","1080p"
49,479,"En","2014-12-18","360p"
1646,90,"Cn","2014-12-05","720p"
2137,961,"Fr","2014-12-18","360p"
1018,341,"Cn","2014-12-12","1080p"
1008,560,"Es","2014-12-18","1080p"
2503,234,"Es","2014-12-21","720p"
712,1128,"Other","2014-12-04","480p"
2322,818,"Other","2014-12-17","480p"
2461,523,"Other","2014-12-17","1080p"
84,253,"Cn","2014-12-14","360p"
821,286,"En","2014-12-17","480p"
989,516,"Es","2014-12-15","1080p"
1299,186,"Cn","2014-12-17","360p"
2357,828,"Other","2014-12-11","720p"
828,817,"Cn","2014-12-04","240p"
208,1011,"En","2014-12-20","720p"
842,656,"Fr","2014-12-17","1080p"
532,34,"En","2014-12-18","720p"
196,1300,"Other","2014-12-04","240p"
271,801,"Cn","2014-12-18","720p"
1349,931,"Other","2014-12-04","240p"
2327,1034,"Es","2014-12-09","720p"
2714,324,"Cn","2014-12-18","480p"
270,663,"Cn","2014-12-24","480p"
2553,225,"Cn","2014-12-23","360p"
163,1496,"En","2014-12-02","720p"
1650,314,"Cn","2014-12-11","720p"
595,301,"Es","2014-12-18","1080p"
1989,759,"Other","2014-12-22","1080p"
1427,281,"Cn","2014-12-17","480p"
427,421,"Other","2014-12-08","1080p"
20,822,"En","2014-12-12","1080p"
790,589,"Other","2014-12-11","720p"
1440,1288,"Cn","2014-12-19","720p"
1729,193,"En","2014-12-18","480p"
2110,326,"Cn","2014-12-18","480p"
1447,384,"En","2014-12-18","480p"
107,1209,"Other","2014-12-04","360p"
2416,636,"En","2014-12-24","720p"
808,933,"Other","2014-12-04","1080p"
457,1393,"En","2014-12-09","480p"
416,364,"Cn","2014-12-16","480p"
2885,375,"Cn","2014-12-14","1080p"
1215,665,"En","2014-12-17","1080p"
1629,1184,"En","2014-12-08","1080p"
1562,1308,"En","2014-12-03","1080p"
1056,1045,"En","2014-12-08","480p"
1778,863,"En","2014-12-04","1080p"
106,2114,"Es","2014-12-06","480p"
570,30,"Cn","2014-12-17","1080p"
831,879,"Cn","2014-12-17","480p"
1812,1748,"Fr","2014-12-02","1080p"
779,145,"Cn","2014-12-10","360p"
1845,1348,"Es","2014-12-07","1080p"
2146,489,"Fr","2014-12-04","720p"
853,377,"En","2014-12-09","360p"
1884,1008,"En","2014-12-02","480p"
2784,1073,"Other","2014-12-11","1080p"
156,114,"Es","2014-12-17","1080p"
576,527,"En","2014-12-16","480p"
1101,479,"Fr","2014-12-05","360p"
79,1309,"De","2014-12-02","360p"
1554,941,"Es","2014-12-06","360p"
2866,825,"Cn","2014-12-14","480p"
1460,117,"Fr","2014-12-15","360p"
727,57,"Cn","2014-12-12","720p"
2193,115,"En","2014-12-12","1080p"
1973,432,"Other","2014-12-10","720p"
2515,118,"Es","2014-12-16","480p"
2951,627,"En","2014-12-17","1080p"
795,838,"En","2014-12-10","720p"
2949,468,"Other","2014-12-09","360p"
2639,314,"Cn","2014-12-11","480p"
1536,684,"Cn","2014-12-14","720p"
553,1031,"En","2014-12-12","720p"
2828,980,"Cn","2014-12-11","1080p"
1418,40,"Other","2014-12-17","480p"
2483,518,"En","2014-12-22","1080p"
2427,627,"En","2014-12-21","720p"
1719,1017,"De","2014-12-11","1080p"
1935,780,"Other","2014-12-09","240p"
2965,635,"En","2014-12-09","1080p"
2143,1063,"En","2014-12-08","720p"
54,1659,"Es","2014-12-10","1080p"
1700,623,"En","2014-12-11","480p"
345,1575,"Other","2014-12-06","360p"
2857,1915,"En","2014-12-03","1080p"
2521,744,"Es","2014-12-14","480p"
1696,420,"Cn","2014-12-18","1080p"
2242,1067,"Other","2014-12-09","1080p"
640,589,"Cn","2014-12-15","240p"
446,843,"En","2014-12-04","240p"
958,844,"Cn","2014-12-17","240p"
48,517,"En","2014-12-14","480p"
1197,751,"Other","2014-12-13","1080p"
760,710,"Es","2014-12-24","480p"
36,834,"Other","2014-12-09","720p"
1616,1042,"Cn","2014-12-02","480p"
1549,1068,"En","2014-12-13","1080p"
946,722,"Other","2014-12-07","240p"
1576,311,"Es","2014-12-17","480p"
2643,391,"En","2014-12-11","1080p"
1206,938,"En","2014-12-02","720p"
2016,529,"En","2014-12-10","1080p"
788,1312,"Fr","2014-12-09","480p"
2538,576,"Cn","2014-12-03","240p"
2926,1062,"En","2014-12-08","720p"
134,850,"En","2014-12-12","720p"
2994,251,"Es","2014-12-12","720p"
527,1273,"Cn","2014-12-21","720p"
2654,812,"Cn","2014-12-11","1080p"
702,675,"Es","2014-12-15","1080p"
1290,627,"Cn","2014-12-17","480p"
1941,63,"Cn","2014-12-13","240p"
954,568,"Cn","2014-12-09","1080p"
2369,549,"En","2014-12-14","360p"
412,484,"En","2014-12-17","1080p"
1019,751,"Other","2014-12-17","360p"
2592,214,"Cn","2014-12-16","480p"
1204,559,"En","2014-12-23","720p"
1725,764,"En","2014-12-18","1080p"
28,376,"Cn","2014-12-18","720p"
1522,287,"Other","2014-12-11","1080p"
2820,1068,"Other","2014-12-03","720p"
420,204,"En","2014-12-14","1080p"
2944,439,"En","2014-12-21","360p"
1307,1230,"En","2014-12-11","720p"
1761,688,"En","2014-12-15","720p"
1334,921,"En","2014-12-02","720p"
2293,543,"Es","2014-12-16","360p"
1434,1159,"En","2014-12-04","720p"
2749,294,"En","2014-12-18","1080p"
1739,801,"Other","2014-12-10","720p"
2777,214,"En","2014-12-23","720p"
621,426,"En","2014-12-10","1080p"
1487,876,"Cn","2014-12-17","1080p"
1093,489,"En","2014-12-05","240p"
2056,332,"Other","2014-12-15","360p"
1300,744,"Other","2014-12-16","1080p"
2572,985,"Other","2014-12-03","1080p"
1991,854,"Cn","2014-12-02","720p"
143,887,"Other","2014-12-05","1080p"
2078,131,"Other","2014-12-15","720p"
2687,450,"Cn","2014-12-10","720p"
1171,355,"Cn","2014-12-19","1080p"
391,807,"En","2014-12-10","360p"
169,311,"Es","2014-12-19","720p"
519,479,"Cn","2014-12-09","1080p"
1755,1363,"En","2014-12-04","240p"
1994,730,"Cn","2014-12-05","1080p"
2210,540,"De","2014-12-11","240p"
161,104,"En","2014-12-18","360p"
2274,388,"Other","2014-12-13","480p"
2524,32,"En","2014-12-19","1080p"
769,1078,"Other","2014-12-21","720p"
610,536,"Cn","2014-12-09","720p"
1220,763,"De","2014-12-06","720p"
337,214,"Es","2014-12-18","480p"
2799,53,"En","2014-12-24","360p"
1555,259,"Other","2014-12-19","720p"
193,293,"Es","2014-12-11","480p"
425,1031,"Es","2014-12-17","360p"
586,411,"Cn","2014-12-18","360p"
1394,1169,"Other","2014-12-15","360p"
567,673,"Es","2014-12-19","360p"
1624,241,"Es","2014-12-10","480p"
1444,1190,"Es","2014-12-10","360p"
1813,677,"Fr","2014-12-10","360p"
464,542,"Cn","2014-12-22","1080p"
130,902,"En","2014-12-16","480p"
1456,169,"Es","2014-12-16","480p"
773,618,"Es","2014-12-15","240p"
1402,440,"Cn","2014-12-10","1080p"
387,1008,"Other","2014-12-11","1080p"
1395,493,"Cn","2014-12-19","1080p"
749,633,"En","2014-12-17","360p"
2388,663,"En","2014-12-15","720p"
2167,1115,"Cn","2014-12-14","480p"
1184,233,"Other","2014-12-21","720p"
1042,742,"Cn","2014-12-16","720p"
385,1111,"Cn","2014-12-11","720p"
382,1653,"Other","2014-12-10","240p"
2153,783,"En","2014-12-21","360p"
1874,627,"En","2014-12-22","1080p"
696,366,"Es","2014-12-16","1080p"
2678,670,"Cn","2014-12-13","1080p"
814,1335,"En","2014-12-09","480p"
681,593,"Other","2014-12-10","1080p"
47,303,"En","2014-12-09","480p"
2307,1237,"Cn","2014-12-10","720p"
742,396,"Cn","2014-12-12","720p"
195,1599,"En","2014-12-02","720p"
389,901,"Cn","2014-12-13","720p"
1403,700,"En","2014-12-12","240p"
1756,1591,"En","2014-12-10","720p"
436,1011,"Cn","2014-12-14","720p"
826,459,"Other","2014-12-18","1080p"
1712,1315,"En","2014-12-08","480p"
2942,1034,"Cn","2014-12-12","240p"
1495,730,"Cn","2014-12-02","720p"
2725,841,"Es","2014-12-10","720p"
51,212,"De","2014-12-09","480p"
2441,514,"En","2014-12-18","1080p"
148,1030,"Es","2014-12-07","480p"
2591,1239,"Other","2014-12-05","480p"
886,1283,"En","2014-12-10","480p"
1653,438,"Fr","2014-12-13","240p"
2172,30,"Cn","2014-12-13","480p"
1082,1183,"De","2014-12-06","480p"
1475,438,"Es","2014-12-16","720p"
868,311,"Cn","2014-12-16","360p"
805,526,"En","2014-12-12","240p"
910,645,"Es","2014-12-03","720p"
1789,1946,"En","2014-12-07","1080p"
2971,1148,"En","2014-12-14","360p"
2516,1463,"Other","2014-12-07","240p"
2898,709,"Cn","2014-12-17","240p"
1162,1112,"Other","2014-12-10","1080p"
646,222,"Cn","2014-12-02","480p"
2334,741,"En","2014-12-11","480p"
311,115,"En","2014-12-15","1080p"
2557,951,"Cn","2014-12-16","1080p"
546,28,"Other","2014-12-09","1080p"
2229,684,"Other","2014-12-16","1080p"
2085,599,"Cn","2014-12-05","720p"
290,399,"Es","2014-12-09","360p"
1595,48,"Es","2014-12-10","240p"
531,641,"Cn","2014-12-14","240p"
46,515,"Cn","2014-12-09","1080p"
1232,761,"Cn","2014-12-23","1080p"
867,403,"Cn","2014-12-13","480p"
2444,56,"En","2014-12-18","1080p"
2797,204,"Cn","2014-12-18","480p"
2649,864,"Other","2014-12-07","1080p"
1455,979,"En","2014-12-24","480p"
206,1215,"Es","2014-12-10","240p"
2690,480,"Other","2014-12-22","1080p"
1591,65,"Other","2014-12-23","1080p"
2568,1077,"Other","2014-12-11","1080p"
562,136,"Cn","2014-12-12","360p"
2752,954,"En","2014-12-08","480p"
1016,480,"Es","2014-12-14","240p"
2735,282,"Cn","2014-12-20","720p"
2076,1063,"Other","2014-12-03","720p"
371,1622,"Other","2014-12-10","360p"
356,1255,"Es","2014-12-08","480p"
661,1551,"Other","2014-12-03","1080p"
1759,262,"En","2014-12-12","720p"
1385,722,"Other","2014-12-19","1080p"
1508,582,"En","2014-12-14","1080p"
2563,717,"Cn","2014-12-03","1080p"
181,831,"Cn","2014-12-09","360p"
441,907,"Other","2014-12-17","1080p"
2975,118,"Cn","2014-12-12","480p"
2710,418,"En","2014-12-17","720p"
1807,189,"Cn","2014-12-18","1080p"
2495,667,"Cn","2014-12-03","480p"
1786,1303,"Other","2014-12-08","720p"
2794,110,"En","2014-12-17","1080p"
1693,572,"Cn","2014-12-14","480p"
1002,207,"Cn","2014-12-18","720p"
2805,1005,"En","2014-12-02","1080p"
1960,412,"Cn","2014-12-14","720p"
653,713,"Cn","2014-12-17","360p"
299,910,"En","2014-12-16","480p"
2954,844,"En","2014-12-14","720p"
38,104,"En","2014-12-09","360p"
777,391,"Cn","2014-12-14","720p"
1854,795,"Cn","2014-12-17","1080p"
2930,540,"Cn","2014-12-06","1080p"
1245,894,"En","2014-12-05","1080p"
1658,1473,"Cn","2014-12-08","240p"
999,441,"Es","2014-12-16","1080p"
2421,467,"Es","2014-12-18","1080p"
71,41,"Cn","2014-12-12","360p"
2043,1955,"Other","2014-12-06","480p"
860,900,"Es","2014-12-08","360p"
2534,585,"Fr","2014-12-19","480p"
404,1518,"Cn","2014-12-09","1080p"
726,800,"Es","2014-12-07","720p"
1433,807,"Cn","2014-12-10","240p"
1572,349,"Cn","2014-12-09","720p"
642,559,"En","2014-12-11","720p"
61,137,"De","2014-12-15","1080p"
1070,509,"En","2014-12-15","720p"
2086,282,"Cn","2014-12-16","360p"
929,101,"Cn","2014-12-11","1080p"
96,61,"En","2014-12-12","480p"
1827,46,"Other","2014-12-09","480p"
1292,382,"Cn","2014-12-14","720p"
1844,381,"En","2014-12-17","720p"
747,1089,"En","2014-12-03","720p"
2234,200,"De","2014-12-16","360p"
1351,10,"Other","2014-12-22","1080p"
469,1858,"En","2014-12-05","720p"
122,845,"De","2014-12-15","720p"
951,1162,"Other","2014-12-04","480p"
2869,1624,"Es","2014-12-07","720p"
278,495,"Other","2014-12-18","480p"
2846,537,"Es","2014-12-06","480p"
496,302,"Cn","2014-12-20","1080p"
2373,1262,"Cn","2014-12-04","720p"
2129,995,"En","2014-12-11","1080p"
326,183,"Cn","2014-12-13","480p"
2681,1249,"En","2014-12-12","480p"
563,207,"Cn","2014-12-12","1080p"
199,438,"Other","2014-12-18","720p"
310,216,"Other","2014-12-04","480p"
2381,306,"En","2014-12-24","1080p"
809,664,"Other","2014-12-21","480p"
1035,392,"Es","2014-12-15","1080p"
2237,161,"Es","2014-12-17","240p"
2712,1556,"Other","2014-12-06","480p"
2759,333,"En","2014-12-20","1080p"
322,1104,"Fr","2014-12-09","480p"
2511,625,"En","2014-12-12","1080p"
1243,1018,"Fr","2014-12-16","720p"
2938,836,"Cn","2014-12-18","1080p"
1661,802,"En","2014-12-17","720p"
1832,567,"Cn","2014-12-10","360p"
357,213,"Cn","2014-12-12","480p"
1023,1296,"Other","2014-12-03","720p"
1785,315,"Es","2014-12-10","720p"
1192,576,"Other","2014-12-09","360p"
2337,1904,"Cn","2014-12-05","1080p"
852,736,"En","2014-12-17","480p"
907,541,"Other","2014-12-08","360p"
254,1379,"En","2014-12-09","1080p"
1163,1366,"Cn","2014-12-12","240p"
2095,858,"Cn","2014-12-17","1080p"
1331,302,"En","2014-12-17","480p"
146,346,"En","2014-12-09","720p"
1938,982,"Cn","2014-12-16","1080p"
246,65,"Fr","2014-12-15","1080p"
2539,1076,"Cn","2014-12-03","1080p"
811,421,"Fr","2014-12-17","480p"
803,238,"Es","2014-12-13","480p"
2757,741,"En","2014-12-09","240p"
2559,630,"Cn","2014-12-03","720p"
2180,1122,"Other","2014-12-10","720p"
807,708,"Other","2014-12-11","720p"
1284,316,"Cn","2014-12-17","1080p"
1688,430,"Cn","2014-12-04","1080p"
1186,97,"Other","2014-12-17","1080p"
97,1514,"Es","2014-12-02","1080p"
2900,1171,"Es","2014-12-05","360p"
490,106,"En","2014-12-12","360p"
2903,1874,"Other","2014-12-05","1080p"
2564,1140,"Cn","2014-12-18","1080p"
162,65,"Other","2014-12-17","480p"
1871,862,"En","2014-12-07","480p"
2831,219,"Cn","2014-12-18","1080p"
2028,733,"Cn","2014-12-23","480p"
2405,15,"Cn","2014-12-09","360p"
2879,1214,"Cn","2014-12-08","480p"
2173,883,"Other","2014-12-05","1080p"
2813,708,"Es","2014-12-09","720p"
1545,639,"Other","2014-12-13","360p"
2302,70,"Other","2014-12-17","360p"
1430,93,"Fr","2014-12-24","720p"
855,1005,"Other","2014-12-06","1080p"
2068,1080,"En","2014-12-05","360p"
2092,362,"Cn","2014-12-18","480p"
1259,468,"Other","2014-12-04","360p"
1281,233,"Other","2014-12-23","240p"
1587,38,"Other","2014-12-13","1080p"
1366,607,"En","2014-12-11","720p"
1279,926,"Cn","2014-12-11","720p"
973,580,"Cn","2014-12-17","1080p"
1005,874,"Other","2014-12-12","1080p"
930,480,"Cn","2014-12-16","480p"
2102,937,"En","2014-12-05","1080p"
2181,321,"Cn","2014-12-11","720p"
2837,1653,"Other","2014-12-03","480p"
1656,488,"Other","2014-12-17","1080p"
674,572,"Cn","2014-12-21","720p"
1404,185,"Other","2014-12-10","1080p"
1664,505,"En","2014-12-08","480p"
557,1622,"Cn","2014-12-05","720p"
390,78,"En","2014-12-18","480p"
44,257,"Cn","2014-12-18","1080p"
2008,1387,"Es","2014-12-05","720p"
2877,1068,"Cn","2014-12-16","720p"
2160,1254,"Cn","2014-12-11","480p"
1111,1252,"Other","2014-12-10","1080p"
2720,314,"En","2014-12-18","360p"
1539,905,"En","2014-12-09","720p"
754,883,"Cn","2014-12-05","480p"
1667,651,"Other","2014-12-13","720p"
1733,176,"En","2014-12-24","360p"
2383,1212,"De","2014-12-03","240p"
1625,980,"Cn","2014-12-12","480p"
797,684,"Es","2014-12-09","720p"
1708,1497,"Other","2014-12-11","360p"
2177,568,"Other","2014-12-08","1080p"
2676,1336,"En","2014-12-05","240p"
783,1552,"Es","2014-12-08","720p"
2549,207,"En","2014-12-23","720p"
2613,697,"Other","2014-12-10","720p"
971,476,"Cn","2014-12-10","1080p"
375,106,"Cn","2014-12-17","1080p"
1864,627,"Other","2014-12-16","360p"
1638,710,"En","2014-12-15","360p"
1535,582,"Cn","2014-12-13","720p"
1830,894,"Es","2014-12-03","720p"
2152,1575,"Cn","2014-12-07","720p"
473,930,"Other","2014-12-10","480p"
1928,680,"Cn","2014-12-14","720p"
68,117,"Es","2014-12-14","720p"
565,129,"Other","2014-12-15","1080p"
2844,529,"Cn","2014-12-12","480p"
139,1254,"Cn","2014-12-15","720p"
1214,1283,"Cn","2014-12-06","480p"
2048,818,"Cn","2014-12-14","480p"
718,599,"Cn","2014-12-15","720p"
2882,282,"Other","2014-12-02","720p"
2842,588,"En","2014-12-24","1080p"
1671,759,"Cn","2014-12-11","1080p"
229,194,"En","2014-12-12","480p"
1569,729,"Es","2014-12-02","480p"
1306,482,"En","2014-12-11","720p"
1060,214,"Cn","2014-12-15","360p"
753,1268,"Other","2014-12-10","360p"
2766,1035,"Other","2014-12-07","720p"
2540,155,"En","2014-12-15","1080p"
1620,757,"En","2014-12-09","1080p"
1392,212,"En","2014-12-11","360p"
2698,1116,"Other","2014-12-11","480p"
953,587,"En","2014-12-09","480p"
1339,337,"Cn","2014-12-16","720p"
941,661,"En","2014-12-03","1080p"
673,30,"Es","2014-12-15","360p"
2983,594,"Other","2014-12-16","1080p"
732,73,"Cn","2014-12-12","480p"
1637,1124,"Es","2014-12-04","480p"
1642,625,"Other","2014-12-18","360p"
2767,124,"Other","2014-12-08","720p"
534,677,"En","2014-12-18","720p"
2139,1306,"Other","2014-12-03","480p"
2974,505,"Cn","2014-12-02","720p"
1893,873,"Other","2014-12-09","1080p"
2265,326,"Cn","2014-12-08","1080p"
670,518,"En","2014-12-21","1080p"
926,391,"En","2014-12-17","720p"
1216,935,"En","2014-12-07","480p"
2058,1328,"Cn","2014-12-04","720p"
1924,374,"Es","2014-12-09","1080p"
495,43,"En","2014-12-14","480p"
2700,687,"Fr","2014-12-03","480p"
1390,528,"Cn","2014-12-19","360p"
1420,843,"Cn","2014-12-08","240p"
1313,1056,"En","2014-12-18","1080p"
505,204,"Other","2014-12-17","1080p"
95,632,"Cn","2014-12-11","240p"
1083,427,"Other","2014-12-12","480p"
1075,161,"En","2014-12-14","720p"
2556,370,"Cn","2014-12-23","1080p"
2122,782,"Cn","2014-12-10","1080p"
2117,44,"Cn","2014-12-10","480p"
2031,131,"Other","2014-12-16","720p"
316,1108,"En","2014-12-04","480p"
2826,580,"Other","2014-12-10","240p"
1485,785,"En","2014-12-04","480p"
377,1117,"En","2014-12-05","720p"
709,703,"En","2014-12-05","480p"
2205,1218,"Other","2014-12-07","480p"
352,1064,"Es","2014-12-07","240p"
2988,1099,"En","2014-12-06","480p"
1590,839,"Fr","2014-12-02","360p"
965,1768,"Other","2014-12-04","720p"
188,1284,"Other","2014-12-08","480p"
2064,422,"Es","2014-12-10","720p"
1937,64,"En","2014-12-16","1080p"
1608,114,"Cn","2014-12-24","360p"
1260,304,"En","2014-12-11","720p"
1074,741,"Other","2014-12-04","360p"
458,1702,"Es","2014-12-03","1080p"
1766,517,"Cn","2014-12-16","240p"
1261,231,"Other","2014-12-13","360p"
2103,529,"Es","2014-12-12","720p"
2934,921,"Other","2014-12-18","480p"
2241,327,"En","2014-12-17","1080p"
1592,660,"Es","2014-12-09","240p"
1326,965,"De","2014-12-08","480p"
2296,1080,"En","2014-12-09","720p"
2922,567,"Cn","2014-12-11","720p"
424,891,"Fr","2014-12-15","480p"
2627,674,"Cn","2014-12-09","1080p"
423,1046,"Cn","2014-12-16","1080p"
1669,1300,"Other","2014-12-10","480p"
2860,64,"En","2014-12-11","480p"
1013,559,"En","2014-12-18","720p"
257,610,"Cn","2014-12-16","480p"
126,514,"Cn","2014-12-20","720p"
482,525,"Cn","2014-12-17","360p"
1958,459,"En","2014-12-09","1080p"
2561,1773,"Other","2014-12-09","360p"
647,517,"De","2014-12-05","720p"
2011,23,"Cn","2014-12-22","720p"
607,384,"En","2014-12-13","360p"
313,844,"Cn","2014-12-12","1080p"
295,722,"En","2014-12-11","1080p"
1441,998,"Es","2014-12-02","240p"
1000,1053,"Es","2014-12-06","1080p"
1462,961,"En","2014-12-18","1080p"
2004,23,"Es","2014-12-17","720p"
2880,676,"Other","2014-12-10","480p"
1538,722,"En","2014-12-19","360p"
2870,138,"En","2014-12-15","480p"
2962,507,"Other","2014-12-08","720p"
1617,369,"Es","2014-12-12","480p"
1223,785,"Other","2014-12-10","1080p"
1085,321,"Es","2014-12-11","240p"
1730,404,"En","2014-12-18","720p"
1589,604,"Cn","2014-12-17","360p"
1273,207,"Other","2014-12-21","240p"
1012,1237,"Cn","2014-12-23","720p"
1474,1283,"Cn","2014-12-10","1080p"
549,839,"Other","2014-12-05","480p"
906,1067,"En","2014-12-14","480p"
237,764,"Cn","2014-12-10","1080p"
2855,971,"Cn","2014-12-12","360p"
551,1197,"Other","2014-12-08","480p"
2434,894,"En","2014-12-12","1080p"
662,571,"En","2014-12-10","360p"
498,124,"En","2014-12-10","1080p"
2500,964,"Cn","2014-12-18","240p"
772,803,"En","2014-12-18","240p"
2178,1375,"En","2014-12-03","480p"
2776,921,"Other","2014-12-08","480p"
2874,529,"Cn","2014-12-16","240p"
1840,602,"Cn","2014-12-18","1080p"
1324,812,"Cn","2014-12-04","720p"
2786,295,"Cn","2014-12-20","1080p"
1524,94,"En","2014-12-18","1080p"
521,862,"En","2014-12-07","240p"
2298,1440,"Other","2014-12-11","480p"
641,684,"Cn","2014-12-05","360p"
1321,733,"Other","2014-12-24","720p"
1291,577,"En","2014-12-13","480p"
1775,1364,"En","2014-12-11","240p"
369,120,"De","2014-12-16","720p"
2833,1026,"En","2014-12-09","1080p"
2349,780,"En","2014-12-11","1080p"
167,686,"Cn","2014-12-09","1080p"
489,201,"Other","2014-12-18","720p"
522,858,"Other","2014-12-09","480p"
1344,57,"Other","2014-12-12","720p"
1748,468,"Other","2014-12-08","1080p"
947,1017,"Cn","2014-12-13","360p"
1675,815,"Cn","2014-12-11","240p"
2442,958,"Other","2014-12-24","480p"
2235,430,"Other","2014-12-14","1080p"
1286,541,"Cn","2014-12-17","480p"
596,934,"Cn","2014-12-15","480p"
2751,522,"Fr","2014-12-09","480p"
1853,203,"Cn","2014-12-15","1080p"
302,722,"Other","2014-12-18","480p"
1925,890,"En","2014-12-10","720p"
752,392,"Cn","2014-12-22","1080p"
542,1023,"En","2014-12-03","720p"
2489,220,"En","2014-12-15","480p"
1160,355,"Other","2014-12-21","720p"
2262,1100,"En","2014-12-03","720p"
2977,725,"Es","2014-12-08","240p"
1602,139,"Cn","2014-12-10","1080p"
205,1177,"Other","2014-12-17","720p"
1316,677,"De","2014-12-09","480p"
2370,391,"Cn","2014-12-15","1080p"
1948,1145,"Other","2014-12-06","1080p"
846,816,"Cn","2014-12-16","480p"
99,569,"De","2014-12-10","1080p"
825,1391,"En","2014-12-07","1080p"
2289,1659,"En","2014-12-05","720p"
2286,1230,"De","2014-12-09","1080p"
2848,1107,"Cn","2014-12-02","360p"
1851,263,"En","2014-12-18","1080p"
1086,773,"Es","2014-12-13","1080p"
2451,868,"De","2014-12-09","720p"
710,254,"En","2014-12-20","240p"
984,1015,"Cn","2014-12-12","720p"
2802,809,"Es","2014-12-08","1080p"
2288,529,"En","2014-12-16","1080p"
2895,931,"En","2014-12-14","1080p"
2575,602,"Cn","2014-12-06","480p"
1860,14,"Other","2014-12-20","720p"
2297,337,"Other","2014-12-13","1080p"
2634,260,"En","2014-12-11","1080p"
1577,481,"En","2014-12-18","480p"
550,1093,"Other","2014-12-02","480p"
1239,495,"En","2014-12-09","360p"
1282,671,"Cn","2014-12-10","480p"
3000,763,"Other","2014-12-09","1080p"
69,1222,"En","2014-12-07","1080p"
699,75,"Es","2014-12-14","480p"
976,105,"En","2014-12-12","360p"
1997,419,"Other","2014-12-09","480p"
2548,694,"Es","2014-12-13","720p"
1367,187,"Other","2014-12-15","720p"
499,538,"Es","2014-12-10","240p"
1914,78,"En","2014-12-09","360p"
1894,29,"Cn","2014-12-14","1080p"
285,465,"En","2014-12-11","480p"
1862,78,"En","2014-12-10","720p"
1038,699,"Other","2014-12-17","360p"
529,702,"En","2014-12-05","1080p"
1731,65,"En","2014-12-20","1080p"
517,687,"En","2014-12-14","720p"
2989,599,"En","2014-12-17","1080p"
1584,381,"Cn","2014-12-14","1080p"
2354,695,"Es","2014-12-15","480p"
1234,559,"Cn","2014-12-15","1080p"
817,709,"En","2014-12-18","240p"
2267,1048,"Cn","2014-12-04","1080p"
2928,623,"Other","2014-12-14","360p"
21,1055,"Es","2014-12-04","480p"
224,319,"En","2014-12-11","480p"
2785,388,"Cn","2014-12-15","720p"
1704,782,"En","2014-12-19","360p"
1988,1179,"Other","2014-12-10","1080p"
1895,265,"Cn","2014-12-12","480p"
2636,569,"Other","2014-12-11","360p"
679,599,"En","2014-12-08","720p"
1758,630,"Cn","2014-12-17","1080p"
39,881,"En","2014-12-13","480p"
1907,480,"En","2014-12-14","480p"
186,686,"En","2014-12-18","720p"
2673,445,"Other","2014-12-15","720p"
1208,400,"Fr","2014-12-13","240p"
2041,1006,"Other","2014-12-21","1080p"
1087,559,"En","2014-12-10","360p"
1944,1088,"Other","2014-12-02","360p"
1580,636,"En","2014-12-13","720p"
276,701,"En","2014-12-16","360p"
2245,427,"Other","2014-12-10","720p"
60,1087,"Other","2014-12-04","240p"
2061,87,"Other","2014-12-09","360p"
1247,58,"En","2014-12-20","1080p"
736,1086,"En","2014-12-07","720p"
2002,1578,"Cn","2014-12-11","720p"
880,660,"Other","2014-12-04","480p"
991,370,"Other","2014-12-07","480p"
2138,248,"Cn","2014-12-16","1080p"
1295,224,"Other","2014-12-11","720p"
2621,684,"En","2014-12-10","480p"
1979,97,"Cn","2014-12-16","1080p"
1814,717,"En","2014-12-09","1080p"
2217,68,"Cn","2014-12-15","720p"
2279,105,"En","2014-12-12","480p"
1680,401,"Cn","2014-12-16","480p"
239,961,"Other","2014-12-05","1080p"
659,1156,"Fr","2014-12-02","240p"
724,971,"Es","2014-12-10","720p"
1040,665,"Cn","2014-12-13","480p"
1073,1734,"Es","2014-12-02","360p"
2189,234,"Es","2014-12-12","480p"
2812,418,"Cn","2014-12-14","720p"
2060,41,"Es","2014-12-17","720p"
1614,995,"Other","2014-12-09","720p"
2703,437,"Es","2014-12-11","360p"
1550,447,"Es","2014-12-23","360p"
554,330,"En","2014-12-12","1080p"
272,445,"Other","2014-12-14","360p"
1255,40,"Cn","2014-12-12","1080p"
1449,1908,"Cn","2014-12-07","360p"
2607,875,"En","2014-12-04","360p"
1225,1384,"Other","2014-12-09","1080p"
2635,585,"Cn","2014-12-19","360p"
2713,924,"En","2014-12-16","720p"
1167,748,"En","2014-12-14","360p"
871,458,"En","2014-12-13","480p"
2075,699,"Cn","2014-12-13","1080p"
2682,807,"Es","2014-12-17","1080p"
589,1046,"Other","2014-12-16","720p"
574,663,"Cn","2014-12-23","240p"
1771,881,"En","2014-12-15","1080p"
66,1464,"De","2014-12-08","720p"
269,390,"Other","2014-12-10","480p"
1920,690,"Es","2014-12-04","720p"
2157,351,"Cn","2014-12-16","480p"
1041,1247,"En","2014-12-03","1080p"
1112,628,"Es","2014-12-06","480p"
2708,701,"En","2014-12-10","240p"
1848,360,"Cn","2014-12-09","480p"
2316,906,"En","2014-12-24","720p"
2290,633,"En","2014-12-11","480p"
848,577,"Cn","2014-12-14","720p"
2507,52,"Cn","2014-12-10","1080p"
2566,548,"Es","2014-12-21","480p"
708,459,"Cn","2014-12-10","720p"
340,459,"En","2014-12-17","720p"
2481,759,"En","2014-12-09","480p"
2998,995,"Other","2014-12-16","480p"
2610,619,"En","2014-12-11","480p"
738,1082,"Other","2014-12-03","720p"
11,1282,"Es","2014-12-08","720p"
1347,1773,"En","2014-12-11","360p"
338,440,"En","2014-12-15","480p"
1497,574,"Other","2014-12-10","240p"
1641,450,"De","2014-12-17","480p"
240,1112,"Es","2014-12-11","1080p"
1757,577,"Cn","2014-12-17","480p"
706,494,"Other","2014-12-03","720p"
1380,690,"Cn","2014-12-20","720p"
1993,320,"En","2014-12-12","360p"
881,351,"En","2014-12-15","480p"
684,2048,"Other","2014-12-07","720p"
1842,441,"En","2014-12-18","240p"
286,349,"Other","2014-12-06","720p"
2907,1835,"Es","2014-12-08","720p"
354,935,"Cn","2014-12-08","240p"
1809,1400,"En","2014-12-10","480p"
275,185,"Cn","2014-12-16","1080p"
2505,511,"En","2014-12-07","1080p"
1044,575,"Es","2014-12-15","1080p"
1298,764,"Es","2014-12-17","1080p"
1127,104,"Es","2014-12-18","360p"
1240,265,"De","2014-12-12","1080p"
1015,464,"En","2014-12-05","240p"
2320,56,"Cn","2014-12-17","1080p"
2544,113,"En","2014-12-13","360p"
2789,525,"Cn","2014-12-16","240p"
63,656,"Other","2014-12-17","720p"
516,34,"Es","2014-12-21","720p"
669,438,"En","2014-12-18","360p"
218,819,"En","2014-12-20","720p"
94,1346,"Es","2014-12-07","240p"
2492,720,"Cn","2014-12-12","720p"
2133,1541,"Es","2014-12-04","480p"
1080,825,"Other","2014-12-18","240p"
1682,778,"En","2014-12-13","360p"
2671,486,"Cn","2014-12-13","720p"
897,926,"Other","2014-12-15","480p"
2665,680,"Fr","2014-12-16","1080p"
1250,63,"En","2014-12-12","1080p"
1465,421,"Es","2014-12-16","1080p"
1855,476,"Other","2014-12-10","1080p"
1502,496,"En","2014-12-15","480p"
264,563,"En","2014-12-03","1080p"
911,38,"Es","2014-12-16","1080p"
731,384,"En","2014-12-12","240p"
582,568,"En","2014-12-24","360p"
1156,1222,"Other","2014-12-10","720p"
2311,1034,"Cn","2014-12-10","720p"
2420,625,"Cn","2014-12-22","480p"
2589,938,"Cn","2014-12-10","360p"
571,369,"Es","2014-12-18","480p"
212,1215,"En","2014-12-08","240p"
2496,395,"En","2014-12-15","720p"
2376,314,"Cn","2014-12-15","720p"
2760,1282,"Cn","2014-12-08","1080p"
1203,466,"En","2014-12-24","720p"
1055,580,"Cn","2014-12-10","1080p"
2774,328,"Cn","2014-12-13","1080p"
2260,561,"Other","2014-12-13","720p"
62,561,"Cn","2014-12-17","360p"
406,291,"Other","2014-12-20","480p"
518,533,"Cn","2014-12-23","360p"
2225,497,"Es","2014-12-13","360p"
2509,888,"En","2014-12-10","360p"
1811,10,"En","2014-12-21","1080p"
2291,1516,"En","2014-12-05","1080p"
86,700,"Cn","2014-12-22","720p"
1128,955,"Es","2014-12-17","480p"
2984,267,"Other","2014-12-20","360p"
2680,1348,"Other","2014-12-08","720p"
2587,214,"Es","2014-12-18","480p"
1631,58,"Cn","2014-12-24","480p"
2171,1005,"Cn","2014-12-08","480p"
2871,1152,"Other","2014-12-11","360p"
656,186,"Es","2014-12-10","360p"
737,414,"De","2014-12-18","720p"
1071,537,"Cn","2014-12-04","360p"
2801,436,"Cn","2014-12-18","360p"
159,93,"Cn","2014-12-18","720p"
1405,1124,"Cn","2014-12-03","1080p"
1496,326,"En","2014-12-18","1080p"
2318,718,"Other","2014-12-09","720p"
284,281,"En","2014-12-19","480p"
668,911,"Other","2014-12-05","1080p"
663,288,"Cn","2014-12-21","240p"
2455,833,"En","2014-12-14","360p"
2822,507,"Other","2014-12-17","1080p"
961,1244,"Other","2014-12-04","360p"
1411,324,"En","2014-12-21","720p"
820,620,"Cn","2014-12-12","1080p"
339,1273,"Cn","2014-12-18","720p"
2970,376,"En","2014-12-20","360p"
1304,1258,"Es","2014-12-11","360p"
2017,43,"Es","2014-12-18","720p"
366,863,"Cn","2014-12-19","480p"
1821,386,"En","2014-12-18","720p"
346,302,"Cn","2014-12-13","1080p"
2790,1112,"En","2014-12-11","360p"
2447,741,"Fr","2014-12-19","480p"
2077,814,"Cn","2014-12-07","480p"
2136,675,"Other","2014-12-17","1080p"
918,688,"Other","2014-12-07","1080p"
2042,430,"En","2014-12-12","720p"
81,530,"Other","2014-12-08","1080p"
1143,1320,"Cn","2014-12-07","360p"
901,944,"Cn","2014-12-10","360p"
296,1291,"En","2014-12-05","1080p"
56,1091,"De","2014-12-03","480p"
1340,926,"Cn","2014-12-11","240p"
1478,1368,"Es","2014-12-09","480p"
1922,302,"Fr","2014-12-11","480p"
1094,1055,"Other","2014-12-06","720p"
2536,502,"Cn","2014-12-11","480p"
1692,70,"En","2014-12-09","1080p"
72,1118,"Other","2014-12-10","480p"
2595,1034,"En","2014-12-09","360p"
533,422,"Es","2014-12-14","480p"
882,259,"Cn","2014-12-14","1080p"
440,296,"Es","2014-12-21","240p"
974,1205,"Fr","2014-12-13","480p"
1488,576,"Es","2014-12-02","1080p"
450,39,"Cn","2014-12-14","1080p"
2585,1245,"En","2014-12-02","1080p"
1728,575,"En","2014-12-09","480p"
1601,412,"En","2014-12-10","360p"
1744,246,"Other","2014-12-12","480p"
1399,815,"En","2014-12-18","480p"
1942,1395,"En","2014-12-07","480p"
470,357,"Cn","2014-12-23","240p"
812,301,"Cn","2014-12-21","360p"
1946,616,"Cn","2014-12-09","480p"
279,674,"Fr","2014-12-11","240p"
211,838,"En","2014-12-14","360p"
1483,616,"En","2014-12-16","720p"
830,1440,"Es","2014-12-10","1080p"
1829,295,"Cn","2014-12-10","360p"
89,295,"Cn","2014-12-21","240p"
833,1584,"Cn","2014-12-16","480p"
1134,701,"Cn","2014-12-14","480p"
1004,412,"Es","2014-12-16","720p"
676,1056,"Cn","2014-12-10","720p"
888,43,"Cn","2014-12-14","240p"
1157,124,"Es","2014-12-12","240p"
1998,1020,"Other","2014-12-11","1080p"
1596,1262,"Other","2014-12-03","360p"
1174,257,"Cn","2014-12-12","1080p"
1852,772,"En","2014-12-14","360p"
2460,68,"En","2014-12-21","1080p"
2156,801,"En","2014-12-09","1080p"
1328,340,"Cn","2014-12-15","360p"
1918,1139,"Other","2014-12-04","1080p"
2622,274,"En","2014-12-24","480p"
319,458,"Cn","2014-12-18","1080p"
386,1029,"Other","2014-12-02","480p"
822,814,"En","2014-12-09","480p"
2096,609,"Cn","2014-12-08","1080p"
1048,648,"Fr","2014-12-18","1080p"
353,340,"En","2014-12-23","720p"
1123,296,"Es","2014-12-04","360p"
1741,122,"Es","2014-12-15","360p"
1867,418,"Cn","2014-12-12","720p"
1630,870,"Other","2014-12-03","240p"
1978,394,"Cn","2014-12-16","240p"
2140,57,"Cn","2014-12-17","480p"
2659,357,"En","2014-12-14","480p"
325,1218,"En","2014-12-10","1080p"
603,582,"Other","2014-12-18","480p"
2186,466,"Other","2014-12-05","480p"
1424,402,"Cn","2014-12-12","1080p"
1781,403,"Cn","2014-12-17","1080p"
1820,403,"En","2014-12-12","480p"
1949,92,"De","2014-12-11","1080p"
2030,652,"Cn","2014-12-09","480p"
1722,1008,"Other","2014-12-09","480p"
2633,1266,"En","2014-12-21","1080p"
2220,1244,"Other","2014-12-03","720p"
194,1122,"Cn","2014-12-07","1080p"
1816,146,"En","2014-12-09","480p"
1262,1247,"Cn","2014-12-09","1080p"
1930,538,"En","2014-12-19","480p"
1570,499,"Cn","2014-12-22","720p"
1769,877,"Cn","2014-12-09","1080p"
1049,597,"En","2014-12-16","480p"
2746,534,"Cn","2014-12-09","480p"
31,101,"Other","2014-12-12","1080p"
2567,143,"En","2014-12-20","1080p"
1020,865,"Other","2014-12-06","240p"
2632,190,"Cn","2014-12-24","720p"
1727,333,"Fr","2014-12-16","1080p"
2850,44,"En","2014-12-15","720p"
1626,512,"Cn","2014-12-14","1080p"
1912,1010,"Other","2014-12-10","1080p"
396,165,"Cn","2014-12-13","360p"
1815,1255,"Cn","2014-12-09","240p"
2927,1361,"En","2014-12-03","360p"
2660,1282,"Es","2014-12-05","480p"
428,162,"Cn","2014-12-23","1080p"
2968,1188,"Other","2014-12-05","1080p"
2762,677,"Other","2014-12-11","1080p"
1493,377,"En","2014-12-04","480p"
2204,1295,"En","2014-12-08","240p"
538,466,"En","2014-12-21","480p"
1547,448,"Other","2014-12-06","720p"
185,298,"En","2014-12-16","720p"
1322,139,"Cn","2014-12-09","240p"
2118,287,"Other","2014-12-12","480p"
2599,348,"Es","2014-12-17","480p"
1126,778,"Cn","2014-12-15","480p"
280,1046,"En","2014-12-16","480p"
2499,618,"En","2014-12-10","480p"
141,982,"Fr","2014-12-11","480p"
2552,502,"Other","2014-12-08","240p"
1426,471,"Cn","2014-12-13","1080p"
2275,64,"Cn","2014-12-15","1080p"
1673,875,"En","2014-12-02","480p"
2726,204,"Es","2014-12-07","720p"
422,1029,"Other","2014-12-02","720p"
1213,979,"En","2014-12-24","360p"
688,585,"Other","2014-12-21","1080p"
1388,262,"Cn","2014-12-21","1080p"
1707,1449,"Es","2014-12-09","1080p"
633,1048,"En","2014-12-05","1080p"
1419,607,"Cn","2014-12-10","480p"
2179,724,"Es","2014-12-03","480p"
1559,824,"Other","2014-12-02","720p"
1612,293,"En","2014-12-15","720p"
1006,669,"Other","2014-12-03","240p"
2158,58,"Es","2014-12-14","240p"
2046,1156,"Other","2014-12-04","720p"
2000,1296,"Es","2014-12-02","1080p"
1788,792,"Other","2014-12-04","720p"
247,656,"Cn","2014-12-20","480p"
2161,26,"En","2014-12-17","240p"
605,933,"En","2014-12-02","1080p"
1242,395,"Other","2014-12-11","1080p"
2438,537,"En","2014-12-21","720p"
321,1389,"En","2014-12-07","1080p"
1489,985,"Es","2014-12-02","720p"
1557,1645,"Cn","2014-12-11","480p"
1825,1741,"Other","2014-12-10","480p"
2338,815,"Other","2014-12-04","720p"
1619,388,"Cn","2014-12-12","480p"
2468,1748,"En","2014-12-03","1080p"
1648,684,"En","2014-12-10","240p"
145,975,"Other","2014-12-05","240p"
1091,1054,"Es","2014-12-07","720p"
2993,1183,"Other","2014-12-05","480p"
2946,301,"En","2014-12-15","720p"
2730,114,"De","2014-12-22","360p"
658,1244,"En","2014-12-11","480p"
552,1088,"En","2014-12-04","720p"
650,447,"Es","2014-12-09","360p"
2164,1112,"En","2014-12-07","720p"
1319,253,"Cn","2014-12-18","240p"
2728,185,"En","2014-12-14","1080p"
449,485,"En","2014-12-11","360p"
2476,595,"Other","2014-12-12","720p"
2361,1051,"Cn","2014-12-19","720p"
739,1375,"Other","2014-12-16","360p"
2268,400,"Cn","2014-12-17","1080p"
2740,391,"Cn","2014-12-18","360p"
230,577,"Other","2014-12-20","1080p"
324,1622,"Cn","2014-12-06","1080p"
2464,185,"De","2014-12-13","240p"
2913,610,"Cn","2014-12-14","480p"
1939,155,"Other","2014-12-21","1080p"
1417,797,"Cn","2014-12-15","720p"
2861,317,"Other","2014-12-19","720p"
333,849,"En","2014-12-10","240p"
2541,1097,"En","2014-12-08","720p"
2834,354,"Cn","2014-12-07","360p"
1670,749,"Other","2014-12-13","1080p"
745,1260,"Cn","2014-12-06","1080p"
1423,1212,"Fr","2014-12-04","1080p"
1302,628,"Other","2014-12-05","1080p"
1999,1438,"En","2014-12-09","480p"
1754,1108,"Other","2014-12-11","1080p"
1314,370,"Other","2014-12-18","1080p"
2742,745,"En","2014-12-14","480p"
288,923,"Cn","2014-12-04","360p"
2778,477,"Cn","2014-12-10","240p"
2088,392,"Cn","2014-12-15","720p"
2494,1355,"Other","2014-12-17","720p"
2114,1045,"Es","2014-12-08","1080p"
1175,631,"Cn","2014-12-10","480p"
2679,525,"De","2014-12-14","1080p"
2932,729,"En","2014-12-08","480p"
2197,1117,"Other","2014-12-05","360p"
253,90,"Other","2014-12-06","1080p"
707,1116,"Other","2014-12-04","1080p"
1193,770,"Other","2014-12-07","720p"
2985,214,"Cn","2014-12-22","1080p"
1927,1172,"Other","2014-12-02","720p"
2402,377,"Es","2014-12-23","720p"
2198,453,"Cn","2014-12-14","1080p"
535,341,"En","2014-12-23","360p"
847,421,"En","2014-12-18","480p"
265,450,"Cn","2014-12-16","480p"
2608,395,"Other","2014-12-13","480p"
2558,370,"Other","2014-12-23","240p"
654,339,"Cn","2014-12-15","480p"
612,61,"En","2014-12-18","360p"
908,459,"Cn","2014-12-10","360p"
497,1044,"En","2014-12-13","480p"
2542,671,"En","2014-12-11","360p"
2916,432,"En","2014-12-13","360p"
1102,357,"Other","2014-12-17","360p"
317,823,"Other","2014-12-06","720p"
2301,1075,"En","2014-12-17","720p"
1985,1063,"Cn","2014-12-04","480p"
190,809,"Cn","2014-12-05","720p"
475,440,"Other","2014-12-12","1080p"
1115,155,"En","2014-12-21","240p"
135,1172,"Es","2014-12-09","720p"
1257,773,"Other","2014-12-14","720p"
442,485,"Cn","2014-12-17","1080p"
2304,1214,"Es","2014-12-11","360p"
114,341,"Es","2014-12-18","720p"
383,1130,"Other","2014-12-05","480p"
1888,995,"Cn","2014-12-13","480p"
2263,587,"Es","2014-12-14","1080p"
2917,493,"Cn","2014-12-09","1080p"
2868,1181,"Cn","2014-12-09","480p"
2062,1437,"Other","2014-12-10","1080p"
2431,160,"En","2014-12-24","1080p"
1047,507,"En","2014-12-11","1080p"
1953,384,"Cn","2014-12-13","1080p"
2473,1143,"Es","2014-12-06","360p"
2583,709,"En","2014-12-19","1080p"
2387,1564,"En","2014-12-04","360p"
2227,586,"Es","2014-12-02","720p"
983,590,"Es","2014-12-10","480p"
2573,999,"Cn","2014-12-07","480p"
417,1575,"Other","2014-12-11","1080p"
213,1124,"Es","2014-12-06","480p"
1046,250,"En","2014-12-24","720p"
347,1087,"En","2014-12-08","240p"
1258,919,"Es","2014-12-04","240p"
379,33,"En","2014-12-13","1080p"
1246,43,"Cn","2014-12-16","360p"
758,488,"En","2014-12-23","720p"
1606,113,"En","2014-12-12","1080p"
2035,336,"Cn","2014-12-16","1080p"
1122,681,"Cn","2014-12-12","480p"
2668,357,"Cn","2014-12-16","1080p"
2352,1411,"Es","2014-12-10","480p"
1278,327,"Other","2014-12-14","720p"
448,1275,"Other","2014-12-05","360p"
1117,1946,"Other","2014-12-02","480p"
547,930,"En","2014-12-15","1080p"
690,155,"En","2014-12-10","480p"
401,700,"En","2014-12-16","480p"
400,238,"Es","2014-12-09","480p"
1990,544,"En","2014-12-13","480p"
2477,41,"Es","2014-12-13","480p"
2761,773,"Cn","2014-12-15","1080p"
987,876,"Other","2014-12-14","480p"
2332,502,"Es","2014-12-12","240p"
168,428,"Other","2014-12-17","240p"
796,1258,"En","2014-12-04","360p"
1749,180,"Other","2014-12-18","1080p"
1470,1572,"Cn","2014-12-04","720p"
2233,1312,"Other","2014-12-05","360p"
2440,272,"En","2014-12-18","480p"
1686,88,"Other","2014-12-19","720p"
2093,799,"En","2014-12-09","480p"
1374,340,"En","2014-12-22","720p"
1063,708,"De","2014-12-05","480p"
1695,1387,"En","2014-12-11","1080p"
2466,164,"Cn","2014-12-09","240p"
1611,364,"Cn","2014-12-22","240p"
2294,51,"En","2014-12-17","480p"
1453,311,"Cn","2014-12-09","480p"
2437,674,"Es","2014-12-04","360p"
1857,336,"Cn","2014-12-14","1080p"
740,1108,"Other","2014-12-08","1080p"
2935,1052,"Cn","2014-12-03","720p"
219,597,"En","2014-12-19","480p"
2325,339,"Other","2014-12-13","480p"
1179,1094,"Es","2014-12-04","480p"
1065,852,"En","2014-12-08","1080p"
2404,1349,"De","2014-12-07","1080p"
1632,267,"Cn","2014-12-22","480p"
2718,1089,"En","2014-12-03","720p"
1663,953,"Fr","2014-12-02","480p"
840,142,"Other","2014-12-24","1080p"
435,1239,"Es","2014-12-04","360p"
2647,671,"Cn","2014-12-16","360p"
1913,809,"Other","2014-12-11","720p"
2185,290,"Other","2014-12-09","360p"
330,1222,"En","2014-12-18","1080p"
1932,505,"En","2014-12-03","720p"
1081,114,"En","2014-12-19","480p"
619,611,"Cn","2014-12-09","1080p"
2738,791,"Es","2014-12-10","240p"
1861,864,"Other","2014-12-07","720p"
1442,319,"Other","2014-12-15","1080p"
1484,814,"En","2014-12-03","1080p"
2339,1035,"Other","2014-12-07","720p"
1266,476,"Other","2014-12-08","480p"
578,1302,"Other","2014-12-11","240p"
2029,980,"Other","2014-12-17","360p"
1652,209,"Cn","2014-12-11","480p"
1849,1115,"En","2014-12-11","240p"
750,696,"Cn","2014-12-16","360p"
2646,622,"En","2014-12-16","1080p"
243,319,"Other","2014-12-22","720p"
762,467,"En","2014-12-12","720p"
917,952,"Cn","2014-12-08","1080p"
1330,29,"Other","2014-12-23","480p"
1720,24,"Cn","2014-12-10","360p"
32,543,"Cn","2014-12-13","720p"
1106,953,"Es","2014-12-06","480p"
2394,11,"Cn","2014-12-15","360p"
715,439,"Cn","2014-12-12","480p"
1548,576,"Es","2014-12-04","360p"
2612,311,"Other","2014-12-10","1080p"
1607,425,"En","2014-12-09","240p"
2806,495,"Other","2014-12-15","240p"
465,911,"Cn","2014-12-09","480p"
29,918,"Other","2014-12-23","720p"
361,1111,"Cn","2014-12-23","720p"
1705,422,"Es","2014-12-10","1080p"
1760,1330,"Fr","2014-12-02","480p"
2486,730,"En","2014-12-13","1080p"
2126,671,"En","2014-12-10","1080p"
2948,363,"Es","2014-12-20","240p"
1735,476,"Cn","2014-12-13","480p"
1910,558,"Cn","2014-12-12","720p"
2992,464,"Cn","2014-12-23","720p"
934,574,"Es","2014-12-24","720p"
2817,65,"Other","2014-12-22","720p"
10,119,"Es","2014-12-23","480p"
1119,1352,"En","2014-12-04","480p"
2230,22,"Other","2014-12-19","720p"
1271,370,"En","2014-12-22","1080p"
1679,498,"Cn","2014-12-18","360p"
2218,577,"Fr","2014-12-20","720p"
2936,509,"Cn","2014-12-13","720p"
2150,198,"Cn","2014-12-10","240p"
2450,759,"Es","2014-12-16","480p"
2931,22,"Cn","2014-12-16","720p"
144,760,"En","2014-12-22","1080p"
1553,848,"Other","2014-12-18","1080p"
1902,486,"Cn","2014-12-17","1080p"
1348,938,"Other","2014-12-17","480p"
129,1497,"Other","2014-12-07","720p"
2623,1123,"Other","2014-12-03","720p"
152,1390,"Other","2014-12-11","360p"
1034,759,"En","2014-12-18","1080p"
1113,624,"Es","2014-12-11","720p"
2981,558,"En","2014-12-19","1080p"
1706,456,"En","2014-12-22","720p"
2957,802,"En","2014-12-03","720p"
439,302,"Cn","2014-12-13","480p"
1889,370,"Es","2014-12-16","240p"
1451,669,"Cn","2014-12-18","720p"
2588,789,"En","2014-12-06","720p"
2584,1578,"Other","2014-12-07","720p"
414,560,"En","2014-12-23","360p"
1618,498,"Cn","2014-12-11","720p"
719,599,"En","2014-12-17","480p"
598,1468,"Cn","2014-12-07","720p"
975,841,"Es","2014-12-10","1080p"
364,805,"Cn","2014-12-06","360p"
2033,718,"De","2014-12-11","480p"
2082,1395,"En","2014-12-11","720p"
466,844,"Es","2014-12-16","240p"
1151,393,"En","2014-12-15","720p"
2389,574,"En","2014-12-21","1080p"
613,467,"Cn","2014-12-11","480p"
2941,494,"Cn","2014-12-02","360p"
43,1371,"Es","2014-12-06","360p"
358,520,"Other","2014-12-12","360p"
392,281,"Cn","2014-12-16","240p"
2960,784,"Cn","2014-12-20","480p"
675,161,"Other","2014-12-18","1080p"
1476,503,"En","2014-12-18","360p"
2053,880,"En","2014-12-11","720p"
1265,1088,"Cn","2014-12-12","1080p"
844,333,"Cn","2014-12-14","480p"
2884,87,"Cn","2014-12-11","1080p"
2526,760,"Es","2014-12-21","360p"
2130,512,"En","2014-12-15","720p"
922,1215,"Other","2014-12-04","480p"
1238,1258,"En","2014-12-02","720p"
1494,904,"Cn","2014-12-10","1080p"
600,696,"Es","2014-12-12","720p"
1185,1120,"En","2014-12-10","1080p"
2007,665,"Cn","2014-12-15","1080p"
2958,327,"Cn","2014-12-14","240p"
1684,118,"Cn","2014-12-14","360p"
2603,241,"Other","2014-12-17","480p"
1369,53,"En","2014-12-14","480p"
759,1265,"Cn","2014-12-05","360p"
370,1908,"Other","2014-12-10","360p"
1377,471,"De","2014-12-22","720p"
1796,65,"En","2014-12-23","1080p"
249,347,"En","2014-12-15","480p"
1036,99,"Cn","2014-12-15","480p"
2465,194,"Cn","2014-12-14","240p"
1343,674,"De","2014-12-04","1080p"
2533,790,"Cn","2014-12-21","720p"
994,555,"En","2014-12-12","480p"
1799,339,"En","2014-12-12","1080p"
784,204,"En","2014-12-16","720p"
2796,795,"Cn","2014-12-09","360p"
2470,326,"En","2014-12-15","720p"
2014,614,"Cn","2014-12-15","360p"
2973,1312,"En","2014-12-07","1080p"
746,576,"En","2014-12-03","720p"
2474,922,"Other","2014-12-06","720p"
1890,377,"Cn","2014-12-10","360p"
98,263,"Other","2014-12-07","240p"
165,337,"Other","2014-12-03","240p"
869,567,"En","2014-12-18","1080p"
1863,176,"En","2014-12-18","1080p"
1945,930,"Fr","2014-12-09","360p"
776,189,"En","2014-12-09","1080p"
2222,1189,"Other","2014-12-10","720p"
2658,729,"En","2014-12-20","1080p"
660,274,"Cn","2014-12-20","1080p"
2827,262,"Cn","2014-12-14","1080p"
220,136,"Cn","2014-12-18","720p"
1822,377,"En","2014-12-09","720p"
1858,263,"En","2014-12-20","720p"
116,131,"De","2014-12-16","1080p"
1408,357,"Other","2014-12-11","720p"
1352,1205,"Cn","2014-12-11","360p"
2748,1300,"Other","2014-12-05","720p"
197,1210,"Other","2014-12-04","720p"
566,41,"Cn","2014-12-09","1080p"
1361,773,"Other","2014-12-15","720p"
1685,799,"Cn","2014-12-10","480p"
294,842,"Other","2014-12-18","720p"
13,710,"En","2014-12-19","720p"
1699,773,"Cn","2014-12-20","1080p"
1169,1636,"Es","2014-12-15","480p"
2317,1054,"Cn","2014-12-19","1080p"
2323,425,"En","2014-12-13","360p"
1051,451,"Cn","2014-12-14","720p"
2107,150,"Fr","2014-12-17","1080p"
1149,1108,"En","2014-12-16","720p"
843,106,"Cn","2014-12-13","1080p"
1118,443,"En","2014-12-14","1080p"
2081,486,"Cn","2014-12-15","1080p"
2299,1171,"En","2014-12-02","1080p"
2264,803,"Cn","2014-12-13","1080p"
255,1121,"Other","2014-12-09","480p"
2498,667,"Cn","2014-12-03","480p"
1095,897,"En","2014-12-11","480p"
1870,194,"Other","2014-12-15","720p"
649,366,"Cn","2014-12-16","360p"
2904,119,"Cn","2014-12-17","720p"
620,246,"En","2014-12-17","1080p"
2090,1137,"En","2014-12-14","1080p"
1459,294,"Other","2014-12-16","720p"
2145,2064,"Es","2014-12-02","720p"
791,1449,"Cn","2014-12-09","360p"
483,692,"Other","2014-12-10","480p"
781,543,"Es","2014-12-14","1080p"
1466,700,"Other","2014-12-03","720p"
471,413,"Other","2014-12-18","360p"
2755,1148,"Other","2014-12-18","360p"
1810,1393,"Es","2014-12-08","480p"
1244,1192,"Cn","2014-12-09","1080p"
1640,119,"Other","2014-12-09","360p"
2456,291,"Cn","2014-12-15","480p"
1560,1709,"Es","2014-12-07","720p"
395,660,"Other","2014-12-09","360p"
2530,528,"Es","2014-12-15","360p"
2106,718,"Es","2014-12-16","360p"
560,43,"En","2014-12-12","240p"
2836,1487,"Other","2014-12-16","720p"
2630,1577,"Other","2014-12-07","480p"
1627,635,"Other","2014-12-22","1080p"
120,1904,"Cn","2014-12-11","360p"
1542,636,"Cn","2014-12-11","720p"
209,740,"Other","2014-12-02","480p"
2250,726,"Cn","2014-12-03","240p"
227,1285,"En","2014-12-02","720p"
174,980,"Cn","2014-12-10","720p"
2771,761,"En","2014-12-23","720p"
2769,606,"En","2014-12-16","1080p"
1709,1746,"Other","2014-12-10","1080p"
1777,224,"En","2014-12-18","360p"
1872,253,"En","2014-12-21","1080p"
1003,716,"En","2014-12-02","720p"
109,521,"Cn","2014-12-16","720p"
2781,539,"Cn","2014-12-15","720p"
1045,419,"Cn","2014-12-18","720p"
1058,75,"Cn","2014-12-13","360p"
184,19,"En","2014-12-14","720p"
1001,1063,"Other","2014-12-03","1080p"
2997,300,"Cn","2014-12-17","1080p"
25,1403,"En","2014-12-09","240p"
997,509,"Cn","2014-12-17","480p"
474,646,"Es","2014-12-09","480p"
2308,860,"Es","2014-12-23","480p"
110,816,"En","2014-12-18","1080p"
2924,1283,"En","2014-12-24","240p"
24,955,"Other","2014-12-08","1080p"
487,515,"En","2014-12-17","1080p"
2448,1108,"Es","2014-12-14","240p"
756,525,"Cn","2014-12-10","720p"
657,262,"En","2014-12-18","360p"
1738,911,"En","2014-12-08","720p"
2821,570,"En","2014-12-21","720p"
1270,425,"Cn","2014-12-17","720p"
1228,295,"Es","2014-12-21","720p"
1189,668,"Fr","2014-12-21","360p"
1931,409,"Cn","2014-12-10","240p"
434,550,"Other","2014-12-15","480p"
1181,609,"Es","2014-12-04","480p"
1519,1161,"En","2014-12-18","360p"
2705,1198,"En","2014-12-02","720p"
153,1307,"Cn","2014-12-13","480p"
1776,15,"Cn","2014-12-15","360p"
956,1124,"Other","2014-12-03","480p"
2729,137,"Cn","2014-12-16","360p"
2616,471,"Cn","2014-12-19","240p"
1109,1584,"Cn","2014-12-04","720p"
2939,347,"En","2014-12-09","360p"
182,710,"Cn","2014-12-13","480p"
1332,1837,"Other","2014-12-05","480p"
1032,459,"En","2014-12-16","480p"
2976,708,"Other","2014-12-17","1080p"
2379,118,"Other","2014-12-09","360p"
682,1218,"En","2014-12-09","720p"
2775,817,"En","2014-12-06","1080p"
2838,1510,"Other","2014-12-06","1080p"
1158,459,"Cn","2014-12-13","240p"
1898,1210,"Cn","2014-12-02","480p"
202,207,"En","2014-12-17","480p"
2312,1029,"Cn","2014-12-11","1080p"
763,730,"En","2014-12-06","1080p"
900,1041,"Other","2014-12-09","720p"
671,599,"Es","2014-12-19","1080p"
919,496,"Cn","2014-12-22","480p"
966,437,"En","2014-12-16","1080p"
1987,771,"Cn","2014-12-16","1080p"
2765,97,"En","2014-12-09","1080p"
1899,852,"En","2014-12-02","480p"
2894,558,"Es","2014-12-11","1080p"
2672,690,"Fr","2014-12-17","240p"
1092,425,"De","2014-12-18","480p"
1833,645,"En","2014-12-02","1080p"
1103,476,"Other","2014-12-11","720p"
2808,1591,"Cn","2014-12-02","1080p"
1916,1165,"Cn","2014-12-05","1080p"
2514,679,"En","2014-12-02","480p"
1527,547,"Es","2014-12-17","360p"
1702,505,"En","2014-12-10","1080p"
1901,1343,"En","2014-12-11","360p"
225,891,"Cn","2014-12-18","480p"
2282,539,"En","2014-12-15","720p"
2804,196,"Es","2014-12-24","480p"
2277,338,"En","2014-12-21","240p"
331,606,"Cn","2014-12-13","1080p"
1014,445,"Cn","2014-12-09","480p"
52,219,"Es","2014-12-15","720p"
1558,1135,"Cn","2014-12-05","720p"
1249,838,"Cn","2014-12-15","360p"
1681,502,"Other","2014-12-11","1080p"
500,793,"Cn","2014-12-14","360p"
1609,990,"En","2014-12-15","720p"
2285,169,"Cn","2014-12-18","720p"
502,1111,"Es","2014-12-16","360p"
2415,655,"Es","2014-12-11","1080p"
590,424,"Es","2014-12-16","480p"
1805,398,"Other","2014-12-15","1080p"
228,672,"En","2014-12-22","1080p"
1428,1077,"Other","2014-12-03","480p"
1195,910,"En","2014-12-10","720p"
137,1768,"Cn","2014-12-03","480p"
252,773,"Cn","2014-12-12","480p"
645,745,"Cn","2014-12-12","360p"
1654,1012,"Other","2014-12-11","720p"
1543,601,"Other","2014-12-11","480p"
943,971,"De","2014-12-14","720p"
861,1215,"Other","2014-12-02","1080p"
222,708,"Cn","2014-12-17","720p"
293,1224,"En","2014-12-21","1080p"
2163,251,"En","2014-12-09","720p"
1666,1251,"De","2014-12-09","720p"
1877,1410,"Es","2014-12-02","1080p"
1011,339,"Cn","2014-12-13","1080p"
2722,1049,"Cn","2014-12-05","1080p"
1207,1449,"Cn","2014-12-02","480p"
2120,251,"Es","2014-12-17","1080p"
635,604,"Cn","2014-12-08","1080p"
2188,1191,"En","2014-12-09","720p"
1359,1278,"En","2014-12-07","240p"
1129,315,"Cn","2014-12-13","720p"
7,1198,"Other","2014-12-10","720p"
939,502,"Cn","2014-12-16","240p"
1248,501,"Cn","2014-12-11","360p"
1518,143,"En","2014-12-10","720p"
1929,117,"Other","2014-12-10","1080p"
2611,336,"Cn","2014-12-13","480p"
1318,326,"Es","2014-12-18","240p"
1236,145,"Cn","2014-12-10","480p"
2462,439,"Es","2014-12-24","1080p"
1294,182,"Other","2014-12-16","480p"
1116,825,"Cn","2014-12-12","1080p"
608,1345,"En","2014-12-03","720p"
2999,1244,"Es","2014-12-10","240p"
986,186,"Other","2014-12-11","360p"
935,1245,"En","2014-12-15","1080p"
2281,812,"Cn","2014-12-12","480p"
1178,1054,"Es","2014-12-21","720p"
2346,412,"En","2014-12-21","1080p"
12,757,"En","2014-12-07","360p"
1917,578,"Fr","2014-12-17","240p"
2872,926,"En","2014-12-06","1080p"
5,953,"En","2014-12-10","1080p"
2176,511,"En","2014-12-10","720p"
16,865,"Other","2014-12-11","360p"
1668,875,"En","2014-12-08","720p"
667,941,"Es","2014-12-09","1080p"
85,959,"Other","2014-12-09","480p"
604,543,"En","2014-12-14","480p"
2596,577,"Other","2014-12-14","1080p"
1450,78,"En","2014-12-12","1080p"
192,355,"Cn","2014-12-03","480p"
55,304,"Cn","2014-12-11","1080p"
927,79,"Es","2014-12-16","720p"
1043,713,"En","2014-12-04","720p"
1219,904,"Cn","2014-12-12","240p"
1790,167,"Cn","2014-12-23","1080p"
1182,664,"En","2014-12-11","1080p"
2480,1093,"En","2014-12-03","1080p"
2864,722,"Other","2014-12-11","240p"
2644,976,"Es","2014-12-05","480p"
1472,157,"Other","2014-12-10","240p"
1053,1360,"Other","2014-12-02","1080p"
2087,1083,"Other","2014-12-06","1080p"
1371,250,"Cn","2014-12-11","1080p"
2780,445,"En","2014-12-10","240p"
1154,336,"Es","2014-12-19","1080p"
2921,671,"En","2014-12-18","480p"
2006,933,"En","2014-12-09","480p"
136,577,"Cn","2014-12-16","720p"
952,438,"En","2014-12-15","360p"
455,1245,"Es","2014-12-17","360p"
484,360,"Other","2014-12-14","720p"
693,1832,"Other","2014-12-10","240p"
1672,184,"Other","2014-12-18","240p"
643,182,"Other","2014-12-14","1080p"
1461,558,"Cn","2014-12-17","360p"
2863,590,"Cn","2014-12-12","360p"
394,832,"En","2014-12-17","480p"
1992,961,"Other","2014-12-03","360p"
443,485,"Cn","2014-12-15","720p"
703,27,"Es","2014-12-11","480p"
2719,590,"Other","2014-12-10","1080p"
1145,1837,"Other","2014-12-08","360p"
1386,469,"En","2014-12-10","360p"
2865,482,"Cn","2014-12-17","480p"
2350,2048,"Other","2014-12-08","360p"
787,721,"Cn","2014-12-09","480p"
104,391,"En","2014-12-10","1080p"
258,1124,"En","2014-12-06","480p"
858,335,"En","2014-12-16","360p"
815,1044,"En","2014-12-10","240p"
2216,407,"Other","2014-12-05","480p"
308,540,"Cn","2014-12-15","720p"
2089,1303,"En","2014-12-07","360p"
2069,78,"Cn","2014-12-10","1080p"
1443,29,"Cn","2014-12-13","480p"
1396,1353,"En","2014-12-10","480p"
1492,1748,"Other","2014-12-09","1080p"
2856,561,"Es","2014-12-13","1080p"
2945,460,"Cn","2014-12-16","360p"
889,45,"Other","2014-12-15","1080p"
722,1161,"Cn","2014-12-04","720p"
1391,574,"Cn","2014-12-17","240p"
2546,1538,"En","2014-12-03","480p"
1373,1018,"Other","2014-12-04","1080p"
584,862,"En","2014-12-02","480p"
2026,1706,"Other","2014-12-07","480p"
2893,1603,"Other","2014-12-07","720p"
1793,207,"Cn","2014-12-23","480p"
2704,784,"En","2014-12-04","480p"
426,1335,"Fr","2014-12-06","1080p"
525,1052,"En","2014-12-10","360p"
2359,10,"Es","2014-12-16","360p"
1125,353,"En","2014-12-18","480p"
2692,199,"En","2014-12-22","480p"
2284,266,"En","2014-12-13","360p"
2631,803,"En","2014-12-11","720p"
1623,545,"En","2014-12-12","360p"
485,968,"En","2014-12-18","360p"
1499,786,"En","2014-12-15","1080p"
481,800,"Cn","2014-12-11","480p"
2723,1145,"Cn","2014-12-10","1080p"
1967,790,"Other","2014-12-18","1080p"
2579,802,"Other","2014-12-11","360p"
467,271,"Other","2014-12-13","240p"
587,257,"Cn","2014-12-15","480p"
568,361,"Cn","2014-12-12","480p"
1064,320,"En","2014-12-09","720p"
890,1020,"Other","2014-12-10","1080p"
2170,65,"En","2014-12-16","1080p"
995,812,"Cn","2014-12-21","480p"
2824,743,"En","2014-12-16","1080p"
615,807,"En","2014-12-18","480p"
306,220,"Es","2014-12-10","720p"
2648,622,"Cn","2014-12-10","1080p"
2772,476,"Cn","2014-12-17","1080p"
2057,964,"Fr","2014-12-11","480p"
2036,635,"En","2014-12-07","1080p"
2674,1015,"Cn","2014-12-13","1080p"
2353,139,"En","2014-12-17","1080p"
591,446,"Cn","2014-12-15","240p"
1520,858,"Cn","2014-12-13","360p"
468,1852,"Other","2014-12-03","480p"
2272,1403,"Other","2014-12-04","720p"
1651,642,"Cn","2014-12-19","720p"
2686,495,"Cn","2014-12-10","1080p"
970,65,"Es","2014-12-14","720p"
838,117,"En","2014-12-15","1080p"
1578,1011,"En","2014-12-18","360p"
178,801,"En","2014-12-16","480p"
456,570,"Cn","2014-12-13","360p"
492,1291,"Other","2014-12-05","1080p"
1173,1190,"Es","2014-12-05","480p"
2401,10,"Other","2014-12-02","360p"
2578,938,"Other","2014-12-04","1080p"
2615,1064,"Cn","2014-12-04","480p"
1818,537,"En","2014-12-13","720p"
1251,65,"En","2014-12-16","1080p"
1289,456,"Cn","2014-12-19","480p"
1231,181,"En","2014-12-13","360p"
2083,1095,"De","2014-12-03","480p"
2550,627,"En","2014-12-17","720p"
2001,402,"En","2014-12-15","720p"
2663,141,"Cn","2014-12-24","240p"
2422,836,"Other","2014-12-18","360p"
1354,588,"En","2014-12-15","720p"
2788,575,"De","2014-12-12","1080p"
2119,265,"Cn","2014-12-11","1080p"
1551,80,"Other","2014-12-10","480p"
555,212,"Other","2014-12-09","1080p"
2716,374,"En","2014-12-15","1080p"
996,954,"Other","2014-12-04","360p"
1804,10,"Other","2014-12-04","480p"
1507,216,"Es","2014-12-16","480p"
1896,578,"En","2014-12-09","1080p"
149,1119,"Cn","2014-12-05","480p"
887,1276,"En","2014-12-08","720p"
802,1653,"Es","2014-12-07","480p"
2688,680,"En","2014-12-17","360p"
1168,432,"Other","2014-12-19","1080p"
1582,1047,"Es","2014-12-11","1080p"
1170,1328,"Es","2014-12-02","360p"
2283,163,"En","2014-12-16","360p"
2063,605,"Es","2014-12-08","480p"
1957,869,"En","2014-12-07","1080p"
108,843,"Other","2014-12-11","480p"
2038,498,"Other","2014-12-22","360p"
113,537,"En","2014-12-11","360p"
1161,92,"Es","2014-12-15","1080p"
115,673,"Es","2014-12-23","480p"
2124,1200,"Other","2014-12-16","480p"
2459,780,"En","2014-12-15","360p"
990,674,"Cn","2014-12-07","360p"
2956,560,"Cn","2014-12-14","360p"
1114,63,"Cn","2014-12-14","480p"
1841,751,"Cn","2014-12-10","1080p"
1077,339,"Other","2014-12-06","360p"
1674,183,"Other","2014-12-18","480p"
421,862,"En","2014-12-03","360p"
899,537,"Fr","2014-12-02","480p"
824,1054,"En","2014-12-06","1080p"
2883,1745,"Other","2014-12-08","720p"
150,212,"Cn","2014-12-13","480p"
593,326,"Cn","2014-12-16","240p"
1718,868,"Cn","2014-12-09","360p"
878,507,"Cn","2014-12-17","480p"
2355,15,"Es","2014-12-16","240p"
261,1402,"Cn","2014-12-08","720p"
2768,339,"Other","2014-12-14","480p"
1711,863,"En","2014-12-17","1080p"
157,191,"Cn","2014-12-17","720p"
2695,1555,"Cn","2014-12-09","480p"
1645,135,"Es","2014-12-10","1080p"
744,651,"Cn","2014-12-12","1080p"
2754,1162,"Es","2014-12-06","1080p"
1381,732,"Es","2014-12-18","360p"
2519,964,"Other","2014-12-16","360p"
1406,246,"Es","2014-12-12","240p"
2131,627,"Other","2014-12-07","360p"
2638,964,"Cn","2014-12-12","720p"
1883,943,"Es","2014-12-16","1080p"
2341,412,"De","2014-12-17","360p"
2231,1268,"En","2014-12-07","360p"
304,1089,"Other","2014-12-07","360p"
1622,433,"Cn","2014-12-12","480p"
1604,766,"En","2014-12-07","480p"
1362,1653,"En","2014-12-07","360p"
175,838,"En","2014-12-09","360p"
1315,947,"En","2014-12-10","360p"
2211,897,"Cn","2014-12-07","360p"
444,833,"Cn","2014-12-09","1080p"
2605,699,"En","2014-12-06","720p"
2045,640,"Es","2014-12-10","720p"
111,683,"Es","2014-12-07","480p"
2025,259,"En","2014-12-18","720p"
2425,1362,"Es","2014-12-11","1080p"
1676,438,"En","2014-12-15","480p"
1141,1156,"En","2014-12-15","1080p"
1594,737,"En","2014-12-14","1080p"
2326,151,"Cn","2014-12-18","480p"
1869,432,"Cn","2014-12-13","240p"
176,279,"Cn","2014-12-18","1080p"
1655,812,"Cn","2014-12-12","360p"
1529,559,"Other","2014-12-03","720p"
2371,178,"Cn","2014-12-15","720p"
1490,809,"En","2014-12-16","360p"
1506,772,"Other","2014-12-06","720p"
1226,1400,"Other","2014-12-04","240p"
2966,1048,"En","2014-12-02","1080p"
1975,766,"Other","2014-12-16","1080p"
1510,424,"Cn","2014-12-09","480p"
1660,61,"Cn","2014-12-12","1080p"
453,783,"Other","2014-12-10","360p"
2982,543,"Cn","2014-12-09","480p"
2497,484,"Cn","2014-12-11","720p"
2571,1387,"Es","2014-12-10","1080p"
2208,438,"Cn","2014-12-10","1080p"
1621,24,"Es","2014-12-16","360p"
2258,166,"Es","2014-12-18","480p"
217,885,"En","2014-12-10","720p"
1951,145,"En","2014-12-17","720p"
173,1064,"Other","2014-12-10","1080p"
1765,415,"Cn","2014-12-13","720p"
1454,301,"En","2014-12-23","1080p"
816,1437,"Other","2014-12-11","240p"
75,998,"Other","2014-12-04","360p"
564,1274,"Other","2014-12-14","360p"
251,1159,"En","2014-12-08","360p"
1089,699,"Cn","2014-12-03","360p"
1567,778,"Cn","2014-12-13","720p"
1293,340,"Cn","2014-12-09","240p"
461,99,"Fr","2014-12-10","1080p"
289,852,"Es","2014-12-07","360p"
1031,674,"Es","2014-12-06","360p"
2501,1086,"Cn","2014-12-10","360p"
1579,943,"Cn","2014-12-09","1080p"
1446,1689,"Other","2014-12-03","360p"
510,477,"En","2014-12-16","240p"
628,72,"En","2014-12-24","240p"
1368,717,"Cn","2014-12-09","1080p"
1697,1166,"Cn","2014-12-23","720p"
1581,645,"Cn","2014-12-08","1080p"
78,519,"Cn","2014-12-15","480p"
806,838,"Other","2014-12-03","480p"
37,151,"Cn","2014-12-09","1080p"
629,692,"De","2014-12-04","480p"
2310,274,"Es","2014-12-19","720p"
1311,150,"Cn","2014-12-11","480p"
581,43,"Cn","2014-12-09","1080p"
2889,407,"Cn","2014-12-18","480p"
433,885,"En","2014-12-11","480p"
2617,887,"Other","2014-12-09","240p"
1801,873,"Cn","2014-12-11","720p"
2321,1377,"Other","2014-12-03","240p"
393,553,"Es","2014-12-23","1080p"
2214,580,"Cn","2014-12-18","1080p"
1180,1492,"Other","2014-12-07","240p"
637,410,"Other","2014-12-15","720p"
1751,63,"Cn","2014-12-16","360p"
1052,758,"En","2014-12-06","1080p"
618,2114,"Other","2014-12-05","240p"
437,971,"Es","2014-12-09","240p"
1517,1366,"Cn","2014-12-14","720p"
2531,480,"En","2014-12-17","1080p"
993,79,"Other","2014-12-10","720p"
2449,93,"En","2014-12-16","360p"
2200,1281,"Es","2014-12-11","720p"
1779,931,"En","2014-12-10","1080p"
2471,648,"Other","2014-12-17","480p"
1068,859,"Other","2014-12-12","1080p"
2101,262,"En","2014-12-22","720p"
1603,316,"Cn","2014-12-11","1080p"
1387,802,"En","2014-12-16","1080p"
1635,263,"De","2014-12-13","720p"
2963,535,"En","2014-12-10","360p"
2727,1077,"Cn","2014-12-12","720p"
857,730,"En","2014-12-13","1080p"
88,517,"En","2014-12-12","720p"
1033,459,"Other","2014-12-16","360p"
2174,578,"En","2014-12-18","360p"
543,360,"Cn","2014-12-07","360p"
1597,1089,"En","2014-12-08","360p"
1752,392,"En","2014-12-16","240p"
2236,1636,"De","2014-12-17","1080p"
1079,1327,"En","2014-12-05","1080p"
691,759,"En","2014-12-12","1080p"
1072,684,"Fr","2014-12-15","240p"
873,1015,"Other","2014-12-10","480p"
1734,440,"Other","2014-12-16","720p"
1303,1116,"En","2014-12-11","720p"
480,485,"Other","2014-12-11","720p"
2097,710,"Cn","2014-12-18","360p"
2228,170,"En","2014-12-11","1080p"
2112,40,"Other","2014-12-14","1080p"
2915,824,"En","2014-12-03","240p"
2832,770,"En","2014-12-05","1080p"
786,496,"Other","2014-12-21","720p"
955,384,"Fr","2014-12-22","480p"
1336,110,"En","2014-12-24","720p"
1464,302,"Cn","2014-12-18","720p"
90,109,"En","2014-12-18","1080p"
504,28,"Cn","2014-12-16","720p"
2079,708,"Other","2014-12-09","240p"
1800,579,"Other","2014-12-09","480p"
695,935,"Es","2014-12-12","480p"
1521,613,"En","2014-12-12","1080p"
368,1335,"Other","2014-12-09","360p"
2368,248,"Cn","2014-12-24","480p"
2192,1564,"En","2014-12-03","480p"
2252,24,"Cn","2014-12-20","1080p"
491,65,"En","2014-12-14","240p"
350,437,"Other","2014-12-22","720p"
506,467,"En","2014-12-18","1080p"
1574,582,"Cn","2014-12-23","1080p"
692,627,"Other","2014-12-14","480p"
486,1273,"Cn","2014-12-03","480p"
2300,257,"Cn","2014-12-18","720p"
2614,21,"En","2014-12-12","1080p"
1947,471,"En","2014-12-17","1080p"
1965,743,"Cn","2014-12-04","720p"
1357,1184,"Es","2014-12-04","1080p"
834,696,"Cn","2014-12-10","720p"
2952,561,"Cn","2014-12-18","720p"
925,740,"Fr","2014-12-07","1080p"
2347,759,"Other","2014-12-04","720p"
2098,553,"Cn","2014-12-18","480p"
1438,1017,"Cn","2014-12-13","360p"
1110,103,"Cn","2014-12-09","360p"
151,1606,"Fr","2014-12-08","1080p"
1037,21,"Es","2014-12-09","240p"
1513,422,"Cn","2014-12-13","1080p"
616,1097,"En","2014-12-10","720p"
138,73,"Cn","2014-12-12","1080p"
155,291,"En","2014-12-18","1080p"
2313,728,"Other","2014-12-10","480p"
1784,764,"En","2014-12-12","1080p"
572,1249,"Cn","2014-12-17","720p"
1737,82,"Other","2014-12-15","360p"
1401,1555,"Es","2014-12-04","480p"
365,1511,"Cn","2014-12-07","1080p"
1905,979,"En","2014-12-24","1080p"
1310,250,"Es","2014-12-09","1080p"
634,1155,"En","2014-12-09","720p"
920,292,"En","2014-12-17","720p"
2782,869,"Es","2014-12-04","1080p"
1817,38,"En","2014-12-15","360p"
841,708,"Cn","2014-12-20","1080p"
801,1564,"Es","2014-12-05","360p"
2232,879,"Es","2014-12-03","1080p"
2943,14,"Es","2014-12-23","720p"
8,55,"De","2014-12-12","480p"
1275,275,"Cn","2014-12-12","720p"
160,1393,"Cn","2014-12-07","720p"
1274,577,"Cn","2014-12-21","360p"
2433,474,"Cn","2014-12-14","720p"
2618,998,"En","2014-12-08","1080p"
2562,794,"Cn","2014-12-07","480p"
1881,539,"En","2014-12-24","360p"
2270,370,"En","2014-12-16","720p"
1919,540,"Other","2014-12-14","480p"
573,15,"Cn","2014-12-09","360p"
283,1343,"Es","2014-12-11","240p"
2502,169,"En","2014-12-21","1080p"
342,181,"Cn","2014-12-17","240p"
1140,28,"Es","2014-12-15","480p"
1333,502,"En","2014-12-09","480p"
1076,185,"Es","2014-12-15","240p"
1806,518,"Es","2014-12-22","720p"
2187,595,"Other","2014-12-12","480p"
666,653,"Cn","2014-12-17","1080p"
2105,448,"En","2014-12-06","480p"
672,507,"Cn","2014-12-13","720p"
1301,911,"Other","2014-12-11","720p"
2013,973,"En","2014-12-03","480p"
1714,105,"En","2014-12-11","360p"
2238,1254,"En","2014-12-07","720p"
9,1248,"Es","2014-12-15","480p"
774,10,"En","2014-12-11","720p"
1715,472,"En","2014-12-23","480p"
124,807,"Other","2014-12-15","720p"
1132,109,"En","2014-12-18","1080p"
1605,224,"En","2014-12-17","1080p"
2628,463,"En","2014-12-18","720p"
234,55,"En","2014-12-18","1080p"
2637,1436,"Cn","2014-12-14","240p"
859,574,"Other","2014-12-16","480p"
408,1280,"En","2014-12-08","360p"
1764,568,"Fr","2014-12-11","480p"
1837,138,"Other","2014-12-18","1080p"
2721,851,"En","2014-12-02","240p"
2650,760,"En","2014-12-24","360p"
2795,992,"En","2014-12-03","720p"
785,246,"Other","2014-12-15","240p"
2345,437,"En","2014-12-09","360p"
895,246,"Cn","2014-12-15","480p"
2858,1020,"Cn","2014-12-05","480p"
41,713,"Cn","2014-12-02","480p"
2732,302,"En","2014-12-13","240p"
1458,809,"En","2014-12-11","240p"
1201,880,"Cn","2014-12-17","480p"
936,487,"Cn","2014-12-24","240p"
1746,1031,"Cn","2014-12-09","1080p"
2295,1566,"Cn","2014-12-02","480p"
1552,263,"Cn","2014-12-15","720p"
1593,885,"Other","2014-12-07","720p"
2560,319,"En","2014-12-19","480p"
2709,66,"Cn","2014-12-12","240p"
804,76,"Es","2014-12-15","720p"
1212,693,"Es","2014-12-11","240p"
921,445,"En","2014-12-23","360p"
678,869,"En","2014-12-11","360p"
592,975,"Other","2014-12-05","1080p"
2142,1188,"Cn","2014-12-08","240p"
761,251,"Other","2014-12-19","480p"
1199,852,"Cn","2014-12-10","1080p"
937,1055,"Cn","2014-12-09","480p"
140,669,"Cn","2014-12-05","480p"
1768,1082,"Other","2014-12-07","1080p"
1252,1265,"En","2014-12-03","720p"
344,182,"Other","2014-12-18","360p"
2212,108,"En","2014-12-16","1080p"
1393,120,"Cn","2014-12-10","240p"
2292,780,"Es","2014-12-08","720p"
1021,796,"En","2014-12-12","720p"
1762,229,"En","2014-12-16","360p"
1970,729,"Cn","2014-12-22","1080p"
1277,155,"En","2014-12-09","720p"
743,282,"Es","2014-12-09","240p"
827,461,"Cn","2014-12-06","360p"
1690,839,"En","2014-12-13","720p"
2684,593,"Cn","2014-12-12","720p"
912,754,"Cn","2014-12-08","1080p"
1010,578,"Other","2014-12-21","240p"
683,1377,"En","2014-12-14","480p"
1528,519,"Cn","2014-12-15","1080p"
1689,901,"Other","2014-12-10","360p"
1211,876,"Cn","2014-12-10","1080p"
2403,1019,"En","2014-12-11","240p"
256,216,"Other","2014-12-04","1080p"
1146,772,"Es","2014-12-13","720p"
2259,763,"Es","2014-12-04","1080p"
1613,36,"En","2014-12-18","480p"
601,1497,"En","2014-12-09","1080p"
1995,545,"Es","2014-12-15","1080p"
1285,398,"En","2014-12-22","240p"
2458,1389,"En","2014-12-11","360p"
2961,671,"En","2014-12-09","240p"
1269,977,"Other","2014-12-11","720p"
183,1399,"En","2014-12-11","720p"
636,285,"Cn","2014-12-11","480p"
2276,726,"Cn","2014-12-02","360p"
1959,838,"Es","2014-12-11","240p"
2651,1277,"En","2014-12-04","480p"
539,612,"Cn","2014-12-12","480p"
2652,817,"Cn","2014-12-10","1080p"
1530,879,"De","2014-12-04","1080p"
503,930,"Other","2014-12-08","240p"
1327,577,"Fr","2014-12-17","1080p"
1585,1012,"Cn","2014-12-03","720p"
1166,603,"En","2014-12-07","1080p"
949,1127,"Cn","2014-12-05","720p"
2919,135,"Other","2014-12-10","480p"
2969,2048,"En","2014-12-07","1080p"
1108,1511,"Other","2014-12-11","480p"
1501,907,"En","2014-12-14","1080p"
1323,447,"En","2014-12-03","360p"
865,569,"En","2014-12-09","480p"
2018,1584,"En","2014-12-12","1080p"
201,438,"Es","2014-12-12","1080p"
2054,135,"En","2014-12-09","720p"
1147,34,"Cn","2014-12-24","1080p"
2543,195,"En","2014-12-09","240p"
2305,540,"Cn","2014-12-15","1080p"
905,1049,"Other","2014-12-03","720p"
2144,514,"Es","2014-12-18","1080p"
1365,118,"En","2014-12-16","240p"
2653,653,"En","2014-12-06","720p"
765,150,"Es","2014-12-15","720p"
438,114,"En","2014-12-24","720p"
2010,266,"Cn","2014-12-10","720p"
1514,81,"Cn","2014-12-10","1080p"
1831,426,"En","2014-12-02","480p"
713,1159,"Es","2014-12-08","720p"
734,403,"Other","2014-12-07","1080p"
2303,1071,"Cn","2014-12-10","1080p"
2696,464,"Other","2014-12-11","720p"
1996,722,"Cn","2014-12-24","1080p"
158,119,"En","2014-12-03","480p"
2169,48,"En","2014-12-23","480p"
2493,656,"Other","2014-12-15","720p"
2251,452,"Cn","2014-12-16","720p"
407,667,"Other","2014-12-06","1080p"
1148,1156,"Es","2014-12-10","720p"
2080,240,"Fr","2014-12-24","1080p"
2800,1018,"Cn","2014-12-10","240p"
1437,943,"Cn","2014-12-17","480p"
59,961,"De","2014-12-15","1080p"
80,561,"Other","2014-12-16","720p"
1409,259,"Cn","2014-12-15","1080p"
2128,1101,"Cn","2014-12-09","360p"
526,111,"Cn","2014-12-09","1080p"
1267,699,"Other","2014-12-21","360p"
1678,904,"Es","2014-12-13","360p"
2601,1343,"Es","2014-12-11","360p"
2375,807,"En","2014-12-18","480p"
923,865,"Es","2014-12-05","720p"
2987,540,"En","2014-12-09","240p"
1067,1158,"En","2014-12-15","480p"
1546,305,"Fr","2014-12-13","1080p"
2314,733,"Other","2014-12-13","1080p"
53,1616,"Cn","2014-12-03","720p"
2426,669,"En","2014-12-23","240p"
2890,1693,"De","2014-12-10","240p"
1066,709,"Cn","2014-12-16","1080p"
2959,822,"Other","2014-12-17","480p"
221,684,"Cn","2014-12-16","720p"
2372,1705,"Other","2014-12-11","480p"
700,174,"Cn","2014-12-17","720p"
57,217,"En","2014-12-11","240p"
1473,26,"Es","2014-12-13","360p"
2203,206,"En","2014-12-16","1080p"
488,669,"Other","2014-12-06","720p"
839,942,"Cn","2014-12-02","480p"
2019,627,"Cn","2014-12-13","480p"
105,146,"En","2014-12-24","720p"
2116,859,"Other","2014-12-15","1080p"
2739,746,"Other","2014-12-05","240p"
2953,10,"Cn","2014-12-16","1080p"
2397,560,"En","2014-12-15","1080p"
18,655,"Other","2014-12-10","1080p"
187,1067,"En","2014-12-09","480p"
2324,717,"Cn","2014-12-07","1080p"
1121,477,"Cn","2014-12-17","240p"
2478,804,"Cn","2014-12-20","480p"
2753,363,"Other","2014-12-17","240p"
1198,1044,"En","2014-12-11","240p"
2763,921,"Other","2014-12-10","720p"
132,512,"Es","2014-12-18","1080p"
1360,691,"Es","2014-12-23","1080p"
902,874,"Cn","2014-12-07","480p"
376,943,"Other","2014-12-20","480p"
459,231,"Cn","2014-12-16","480p"
1873,275,"De","2014-12-10","480p"
2051,136,"Es","2014-12-10","480p"
931,151,"En","2014-12-19","720p"
2162,964,"Cn","2014-12-10","720p"
1639,82,"En","2014-12-07","480p"
2111,476,"Other","2014-12-06","720p"
2887,708,"Es","2014-12-11","240p"
1887,88,"Other","2014-12-16","720p"
771,1208,"Cn","2014-12-03","1080p"
2166,723,"Other","2014-12-12","1080p"
1723,307,"En","2014-12-21","480p"
2125,572,"Cn","2014-12-13","240p"
1471,166,"Cn","2014-12-15","720p"
14,651,"Cn","2014-12-18","720p"
780,828,"Other","2014-12-05","720p"
2582,200,"Other","2014-12-17","1080p"
301,498,"Other","2014-12-16","1080p"
1202,428,"Other","2014-12-16","360p"
1780,51,"En","2014-12-14","720p"
1187,303,"Cn","2014-12-23","1080p"
915,1401,"Cn","2014-12-11","720p"
131,673,"Other","2014-12-16","480p"
2209,1039,"De","2014-12-09","1080p"
323,114,"Cn","2014-12-24","720p"
1263,195,"Other","2014-12-09","240p"
544,464,"En","2014-12-13","1080p"
1210,488,"Other","2014-12-09","360p"
2411,1327,"En","2014-12-11","480p"
399,817,"Es","2014-12-04","360p"
2933,407,"Cn","2014-12-10","360p"
792,801,"En","2014-12-11","240p"
775,136,"Cn","2014-12-09","360p"
494,111,"Cn","2014-12-21","720p"
1105,116,"Other","2014-12-16","480p"
1657,1272,"Other","2014-12-06","240p"
832,1136,"Other","2014-12-04","480p"
701,733,"En","2014-12-21","1080p"
215,1108,"En","2014-12-18","480p"
1272,1121,"Cn","2014-12-06","1080p"
2147,79,"Es","2014-12-11","360p"
1826,402,"Es","2014-12-13","1080p"
1875,133,"Cn","2014-12-17","1080p"
2897,37,"En","2014-12-15","720p"
1200,375,"En","2014-12-14","480p"
348,896,"Cn","2014-12-09","360p"
2151,148,"En","2014-12-23","1080p"
2911,447,"Cn","2014-12-23","1080p"
397,1237,"Cn","2014-12-02","480p"
33,720,"Cn","2014-12-18","360p"
45,920,"Es","2014-12-04","1080p"
705,416,"Other","2014-12-09","480p"
1515,136,"De","2014-12-10","360p"
2012,315,"Es","2014-12-14","360p"
2115,146,"Cn","2014-12-15","720p"
1469,536,"Other","2014-12-09","720p"
2569,574,"Es","2014-12-05","1080p"
419,377,"Cn","2014-12-09","1080p"
2155,944,"En","2014-12-11","480p"
2745,9,"En","2014-12-09","720p"
1468,1055,"En","2014-12-02","720p"
1320,538,"En","2014-12-07","240p"
189,875,"En","2014-12-14","720p"
2199,449,"Cn","2014-12-15","1080p"
798,83,"Other","2014-12-03","720p"
478,628,"De","2014-12-15","480p"
1885,1239,"Cn","2014-12-10","720p"
2,751,"Cn","2014-12-14","480p"
2978,623,"En","2014-12-09","720p"
1880,814,"En","2014-12-07","720p"
2309,1019,"De","2014-12-07","480p"
894,942,"En","2014-12-05","1080p"
1445,717,"Cn","2014-12-18","1080p"
1425,70,"Cn","2014-12-15","1080p"
2067,901,"Es","2014-12-18","1080p"
65,1060,"Cn","2014-12-07","720p"
1364,316,"Other","2014-12-10","240p"
2629,828,"En","2014-12-09","360p"
1568,1274,"Cn","2014-12-11","240p"
2937,563,"Es","2014-12-16","360p"
2195,568,"Other","2014-12-11","240p"
569,427,"Cn","2014-12-14","360p"
1491,1156,"En","2014-12-18","1080p"
2840,1054,"Fr","2014-12-24","1080p"
916,316,"De","2014-12-10","1080p"
1422,821,"Cn","2014-12-18","1080p"
2995,1043,"Other","2014-12-10","360p"
2191,171,"Cn","2014-12-13","480p"
2363,353,"En","2014-12-15","1080p"
2472,452,"Fr","2014-12-11","720p"
2876,1043,"Es","2014-12-05","240p"
2487,1127,"En","2014-12-11","360p"
992,126,"Other","2014-12-19","1080p"
2925,853,"Other","2014-12-03","360p"
980,739,"Cn","2014-12-09","360p"
1819,831,"En","2014-12-05","480p"
1221,818,"Other","2014-12-14","480p"
2034,2032,"Fr","2014-12-03","720p"
2436,467,"Fr","2014-12-15","1080p"
1843,214,"Other","2014-12-21","360p"
2015,540,"Cn","2014-12-11","720p"
2517,652,"Other","2014-12-08","720p"
1130,533,"Cn","2014-12-10","360p"
177,1302,"Other","2014-12-05","480p"
102,990,"Cn","2014-12-16","720p"
2073,561,"Other","2014-12-17","1080p"
2255,126,"Other","2014-12-20","720p"
2859,43,"En","2014-12-13","720p"
125,1158,"En","2014-12-07","480p"
2055,648,"Other","2014-12-23","720p"
1039,469,"Other","2014-12-13","1080p"
1090,627,"Es","2014-12-11","720p"
266,203,"En","2014-12-15","1080p"
711,324,"Cn","2014-12-10","720p"
2967,870,"Other","2014-12-13","360p"
755,1230,"Cn","2014-12-07","480p"
83,334,"Fr","2014-12-14","240p"
142,771,"En","2014-12-20","480p"
2512,887,"Other","2014-12-06","360p"
1414,189,"Other","2014-12-13","480p"
2121,154,"Cn","2014-12-18","720p"
362,772,"Other","2014-12-05","480p"
1382,749,"Fr","2014-12-24","720p"
1838,496,"Other","2014-12-20","720p"
445,832,"Cn","2014-12-20","360p"
2246,131,"Cn","2014-12-13","1080p"
548,1156,"Other","2014-12-10","480p"
1022,1039,"Cn","2014-12-10","480p"
2547,1591,"En","2014-12-07","480p"
281,75,"Cn","2014-12-15","360p"
2878,494,"En","2014-12-10","360p"
1767,1468,"Es","2014-12-04","480p"
1353,1312,"En","2014-12-09","480p"
1643,577,"En","2014-12-10","1080p"
969,863,"Cn","2014-12-16","360p"
418,1128,"Es","2014-12-07","720p"
164,717,"Es","2014-12-06","720p"
810,628,"Es","2014-12-07","480p"
1713,453,"En","2014-12-09","1080p"
714,1528,"Cn","2014-12-11","1080p"
1421,772,"Other","2014-12-02","720p"
1452,730,"Cn","2014-12-05","720p"
2756,1067,"En","2014-12-08","480p"
2809,525,"En","2014-12-02","720p"
1687,420,"En","2014-12-09","360p"
2779,1528,"Cn","2014-12-07","1080p"
1743,430,"En","2014-12-10","480p"
877,1315,"En","2014-12-05","360p"
2979,23,"En","2014-12-19","360p"
2109,414,"Cn","2014-12-16","1080p"
1644,844,"Other","2014-12-10","720p"
6,652,"En","2014-12-08","720p"
2642,1119,"Other","2014-12-02","1080p"
203,1174,"Cn","2014-12-13","360p"
2830,941,"En","2014-12-08","1080p"
2384,869,"Cn","2014-12-05","480p"
1824,959,"Other","2014-12-03","360p"
627,287,"Cn","2014-12-14","720p"
2047,470,"Cn","2014-12-10","720p"
851,778,"Cn","2014-12-17","1080p"
626,370,"Cn","2014-12-11","480p"
1389,724,"Other","2014-12-09","720p"
2537,533,"En","2014-12-18","1080p"
1701,722,"Fr","2014-12-05","720p"
1341,223,"Other","2014-12-14","720p"
1566,631,"En","2014-12-12","1080p"
2626,1215,"Es","2014-12-08","480p"
2747,1049,"En","2014-12-03","240p"
1846,807,"Cn","2014-12-09","480p"
1564,389,"Other","2014-12-12","720p"
892,327,"Other","2014-12-11","480p"
1346,78,"Cn","2014-12-10","360p"
723,561,"Other","2014-12-17","1080p"
1283,709,"Es","2014-12-11","1080p"
940,452,"Cn","2014-12-14","720p"
1100,759,"Other","2014-12-12","360p"
35,314,"Es","2014-12-13","480p"
2923,313,"En","2014-12-11","480p"
2039,602,"Cn","2014-12-16","480p"
2670,203,"Cn","2014-12-18","240p"
757,691,"En","2014-12-11","720p"
1876,844,"Other","2014-12-11","480p"
768,1578,"Es","2014-12-03","360p"
2972,319,"Cn","2014-12-18","1080p"
1891,472,"Es","2014-12-22","240p"
2770,219,"En","2014-12-13","240p"
2532,1028,"Other","2014-12-08","1080p"
962,882,"Cn","2014-12-16","1080p"
2843,517,"En","2014-12-15","480p"
2278,250,"En","2014-12-14","1080p"
262,992,"Cn","2014-12-11","240p"
1782,910,"En","2014-12-17","1080p"
2888,464,"Es","2014-12-04","720p"
1915,68,"Es","2014-12-18","1080p"
2412,1158,"En","2014-12-15","1080p"
1237,55,"Cn","2014-12-15","720p"
2600,858,"Cn","2014-12-07","240p"
214,295,"Cn","2014-12-11","720p"
2664,1237,"En","2014-12-16","1080p"
863,46,"En","2014-12-18","1080p"
2099,979,"Cn","2014-12-18","480p"
2731,946,"Cn","2014-12-09","480p"
200,680,"Cn","2014-12-10","360p"
1537,932,"En","2014-12-13","720p"
2226,954,"Es","2014-12-09","480p"
909,464,"Es","2014-12-05","720p"
625,1173,"En","2014-12-21","360p"
1962,98,"Cn","2014-12-19","1080p"
411,1063,"En","2014-12-12","480p"
233,400,"Cn","2014-12-10","1080p"
121,469,"Cn","2014-12-14","240p"
1138,760,"Cn","2014-12-04","360p"
748,450,"De","2014-12-12","720p"
523,1355,"Cn","2014-12-05","480p"
2535,456,"Cn","2014-12-09","480p"
477,1111,"De","2014-12-02","720p"
2070,502,"Other","2014-12-21","720p"
2428,585,"En","2014-12-23","720p"
870,1732,"Cn","2014-12-06","1080p"
277,455,"Es","2014-12-04","360p"
896,1173,"En","2014-12-02","720p"
561,199,"Es","2014-12-15","1080p"
2717,166,"Es","2014-12-11","240p"
1498,729,"Cn","2014-12-24","360p"
1721,746,"En","2014-12-10","720p"
179,894,"En","2014-12-18","1080p"
733,445,"En","2014-12-11","720p"
631,246,"Other","2014-12-09","360p"
2134,994,"Fr","2014-12-21","240p"
372,1837,"En","2014-12-04","480p"
2527,633,"En","2014-12-17","480p"
1345,732,"Other","2014-12-14","720p"
1531,710,"De","2014-12-18","240p"
1561,99,"En","2014-12-21","240p"
34,904,"Other","2014-12-15","1080p"
2620,733,"Other","2014-12-10","1080p"
651,675,"Other","2014-12-06","1080p"
2773,536,"En","2014-12-05","480p"
2835,883,"Other","2014-12-03","480p"
1463,1158,"Cn","2014-12-23","360p"
507,181,"Cn","2014-12-18","720p"
1773,1675,"Other","2014-12-03","1080p"
766,43,"Cn","2014-12-18","480p"
3,807,"En","2014-12-15","1080p"
588,370,"Es","2014-12-09","720p"
1209,1491,"Other","2014-12-08","480p"
1940,155,"En","2014-12-18","720p"
1372,262,"Cn","2014-12-16","360p"
