credit_card,7,8,9,10,credit_card_limit,never_above_limit
1003715054175576,162.56,8441.51,11281.56,8954.21,20000,never above limit
1013870087888817,281.43,11981.15,12461.96,12090.34,15000,never above limit
1023820165155391,943.26,22741.2,18108.12,19259.98,28000,never above limit
1073931538936472,220.07,2991.05,2557.12,1638.03,10000,never above limit
1077622576192810,0.0,634.61,551.28,604.84,10000,never above limit
1087468642191606,241.6,2735.77,2943.7,1994.19,3000,never above limit
1089479586475600,468.32,16103.93,17242.82,11666.41,18000,never above limit
1101164752077181,346.31,7326.02,5353.78,6091.96,9000,never above limit
1107936587129946,829.32,15534.48,17543.37,21137.28,24000,never above limit
1126571863414211,1036.33,5937.14,6807.23,5880.04,8000,never above limit
1128536627506856,767.21,14191.9,13647.89,14078.34,16000,never above limit
1134742235676586,37.04,2357.66,1690.28,1569.58,4000,never above limit
1137926374621536,277.85,7777.9,4797.59,7851.94,9000,never above limit
1144894232607400,927.24,26296.73,29344.91,30168.59,35000,never above limit
1155726765596507,11.08,574.2,1261.29,398.81,7000,never above limit
1156998467006869,1437.77,16111.99,15215.91,13727.44,20000,never above limit
1165413984579076,222.64,7873.06,6368.8,6638.23,8000,never above limit
1167475218806361,1045.35,8983.41,5979.03,9222.64,14000,never above limit
1169271395749970,442.66,11039.7,13354.26,10107.0,20000,never above limit
1191702776174515,964.37,26202.7,23958.71,28230.75,35000,never above limit
1210872963953886,302.51,4263.21,6239.76,5240.45,7000,never above limit
1221421251374063,79.78,10617.63,9409.05,11983.58,20000,never above limit
1222730774437945,41.68,532.98,265.26,176.6,8000,never above limit
1224132812823172,259.2,11467.85,16487.72,10424.36,20000,never above limit
1228288249952859,1460.61,14719.33,11623.66,14622.25,15000,never above limit
1250832548098023,0.0,331.18,477.18,504.88,3000,never above limit
1254472912142815,520.72,9936.51,10657.48,9826.91,20000,never above limit
1261411767321605,883.01,21585.7,26459.92,25007.6,30000,never above limit
1264384810841217,611.41,9333.48,7862.04,8097.51,10000,never above limit
1281918894315694,0.0,1250.92,84.08,288.98,7000,never above limit
1284450389976622,0.0,2016.49,813.57,1579.36,4000,never above limit
1295205764436116,100.31,2767.16,2763.74,6479.89,8000,never above limit
1301519430111888,87.0,3584.24,3489.32,4500.27,8000,never above limit
1312823087473107,577.16,14670.67,13134.74,12246.65,16000,never above limit
1326817464191542,12.25,6733.52,5259.39,8388.8,10000,never above limit
1337293370722685,103.0,4496.33,4902.08,4549.23,8000,never above limit
1363526625562684,827.83,11782.15,8443.08,10756.68,15000,never above limit
1368742094369263,108.44,4322.02,2776.51,5157.05,10000,never above limit
1375199270298437,0.0,4938.8,4311.15,3225.73,10000,never above limit
1380553699881195,758.12,14106.66,10653.2,12600.77,21000,never above limit
1388343943378591,1392.21,15798.7,8826.96,16163.4,20000,never above limit
1402909379316770,85.37,3252.09,2317.22,7780.63,10000,never above limit
1409322756311484,108.87,12231.45,12388.04,7806.27,15000,never above limit
1420382222148431,0.0,2287.15,4841.64,3316.2,5000,never above limit
1428403246999020,99.53,4170.92,4086.97,7077.39,10000,never above limit
1459700728665333,18.36,323.55,286.06,307.19,8000,never above limit
1461675388467265,0.0,1376.95,1482.51,1483.98,3000,never above limit
1464551767416747,0.0,890.02,1088.65,1503.75,8000,never above limit
1468686791689484,173.19,7579.29,8086.8,8359.24,9000,never above limit
1475826831184689,410.71,17802.93,15063.3,14355.87,20000,never above limit
1488824811225438,2566.11,27355.6,25798.08,30817.66,35000,never above limit
1489635379898079,0.0,4683.59,4266.9,4803.01,7000,never above limit
1492903951796501,1336.67,4026.13,5811.78,2914.2,10000,never above limit
1498307521782517,198.62,8374.26,9551.01,11828.39,12000,never above limit
1501541842357388,319.3,6819.43,8750.26,5509.12,10000,never above limit
1505998080559428,53.69,4492.08,5057.25,4382.76,8000,never above limit
1508274565891207,1015.44,13227.62,12843.62,14237.23,20000,never above limit
1538309249157612,313.65,7985.73,4225.58,8815.75,10000,never above limit
1540571164649072,359.39,6206.07,4832.46,6122.62,7000,never above limit
1548924125935895,0.0,2125.09,1656.59,1534.58,5000,never above limit
1551312972663650,578.56,8250.36,7710.27,7699.7,16000,never above limit
1562104682001408,1099.66,17779.57,17834.47,14057.12,24000,never above limit
1571950024675150,34.13,2045.08,1380.66,2360.73,5000,never above limit
1582804611799136,1189.7,32621.7,26558.58,25304.95,36000,never above limit
1615829389733620,465.09,12255.35,11916.0,11364.58,14000,never above limit
1627133998042765,0.0,758.61,1320.29,744.93,2000,never above limit
1654474816562824,941.62,5116.36,5423.25,3689.46,6000,never above limit
1655819415123756,0.0,1628.31,3049.86,1782.04,10000,never above limit
1664685555838993,733.55,22628.01,18811.61,20243.13,30000,never above limit
1668261999348087,225.67,6464.24,8761.47,8198.17,12000,never above limit
1688895281144247,171.22,7374.6,6207.47,9127.96,12000,never above limit
1691402616456783,137.16,5751.19,7499.47,2391.65,8000,never above limit
1701518284353388,782.62,17858.38,17184.48,18823.14,21000,never above limit
1702788839758517,32.39,3679.53,3101.3,4911.6,5000,never above limit
1713761471587217,305.3,3418.81,1675.03,2716.4,4000,never above limit
1716846938844184,43.63,799.57,1460.52,850.26,7000,never above limit
1740452094861972,156.84,5541.2,6002.91,7581.0,10000,never above limit
1742293159722384,140.51,9724.09,11011.22,11436.39,20000,never above limit
1761568277897366,906.97,23560.5,24475.98,23973.62,30000,never above limit
1786706888116468,1152.65,7544.64,5958.08,8313.06,12000,never above limit
1790418788918417,126.4,8104.2,6152.21,8963.39,16000,never above limit
1800690977956392,1300.67,9977.97,8923.48,8696.85,14000,never above limit
1808965499397505,0.0,125.56,54.13,82.94,5000,never above limit
1809105277432987,233.28,5193.32,4926.23,4280.97,10000,never above limit
1818161941088271,117.46,1636.38,2094.03,2729.07,6000,never above limit
1827724345844879,75.14,6130.82,4231.86,3486.81,10000,never above limit
1828893451751906,0.0,4037.73,2037.29,2091.75,7000,never above limit
1838946782417200,0.0,2329.77,2847.97,3730.78,7000,never above limit
1845720274833905,1465.44,15961.84,9853.27,11637.75,20000,never above limit
1865432240591358,579.51,10717.27,14232.76,13747.23,15000,never above limit
1896197396507201,0.0,863.26,1001.18,645.82,5000,never above limit
1897978162924096,14.6,1419.38,1073.65,934.85,10000,never above limit
1916247437596108,113.44,1286.13,980.11,2578.79,5000,never above limit
1930721677192144,0.0,1511.03,330.54,296.15,5000,never above limit
1943216273885700,257.2,9266.39,11826.28,11948.42,14000,never above limit
1981294676906345,0.0,4750.53,4670.31,4029.68,5000,never above limit
1985465879991560,0.0,120.97,135.27,0.0,3000,never above limit
1991581570861050,304.67,10444.42,12044.96,9152.99,15000,never above limit
1997929794676601,1135.19,14161.64,18994.28,19677.75,21000,never above limit
2000422161074606,159.46,4118.75,4496.33,4554.02,5000,never above limit
2006318724037943,487.48,10410.88,11888.21,11139.31,12000,never above limit
2009239634184904,562.3,5517.76,4890.41,3746.42,10000,never above limit
2011225415908789,123.65,624.09,1381.68,962.47,10000,never above limit
2012803986778779,102.95,1484.5,2729.64,2568.33,6000,never above limit
2015751582522409,433.39,8001.57,11672.27,6239.28,20000,never above limit
2018846126249619,103.53,4459.86,5160.32,6727.9,10000,never above limit
2020458328196357,182.64,3604.25,3113.47,1870.67,4000,never above limit
2025583437341338,261.09,13032.65,11681.37,14157.88,21000,never above limit
2035931394067428,176.3,6529.27,8113.13,5211.32,9000,never above limit
2053649899928978,451.68,14878.69,11081.78,12670.76,20000,never above limit
2061754198464906,71.39,4926.95,4145.87,6435.17,9000,never above limit
2065958041391621,233.98,5304.99,6367.91,5949.26,10000,never above limit
2078460270025590,0.0,447.06,1811.98,590.79,8000,never above limit
2082491371163072,166.86,3406.08,3944.6,3041.05,10000,never above limit
2089905184376958,615.79,16610.63,25651.17,22099.47,30000,never above limit
2095640259001271,425.71,16222.71,16753.26,15145.26,20000,never above limit
2109905364259199,417.06,17009.52,15763.22,15439.11,20000,never above limit
2129295395003567,76.01,2581.63,4788.9,2449.67,9000,never above limit
2141766487923280,48.19,8039.22,7223.14,8240.01,10000,never above limit
2143299125896595,154.19,2800.98,1985.9,5600.71,6000,never above limit
2159761840702960,114.63,1505.1,1799.75,615.49,7000,never above limit
2170125942816920,554.96,14476.05,16375.45,10387.37,18000,never above limit
2197407580768462,138.52,13231.76,8700.11,8939.68,20000,never above limit
2206106834866031,110.97,3415.06,5716.24,5043.6,10000,never above limit
2216132730528773,917.17,15642.19,17497.91,16921.25,18000,never above limit
2217812082379607,588.1,4243.31,3816.22,2720.32,5000,never above limit
2218504565462778,1187.45,15901.77,15097.53,11821.88,18000,never above limit
2221202850421562,88.53,1680.57,1008.37,2145.76,4000,never above limit
2229356545413340,56.67,2090.92,860.01,1797.05,4000,never above limit
2238144513466760,290.42,9428.11,8929.89,8393.84,10000,never above limit
2239759218122779,449.53,18714.24,18675.99,19902.86,20000,never above limit
2241726319111705,6.84,599.85,1294.66,1971.93,10000,never above limit
2246920751887814,1892.47,8347.17,6541.39,7565.51,9000,never above limit
2250292384508608,165.52,6518.51,7781.27,8400.82,10000,never above limit
2260531719298071,365.43,11284.19,14047.43,15300.9,18000,never above limit
2267974573364254,0.0,4383.68,3638.2,2612.72,8000,never above limit
2290290643257636,15.76,6050.68,8555.0,10564.27,20000,never above limit
2300367582228844,155.64,5483.31,4712.31,4530.69,10000,never above limit
2303171755251168,20.25,6020.83,7909.29,7048.91,10000,never above limit
2318279413327098,278.92,13869.5,13079.18,12093.01,18000,never above limit
2319535367187634,211.02,11125.53,10796.29,10393.41,15000,never above limit
2324277636337514,277.34,3591.96,4191.47,5188.27,6000,never above limit
2340521163476561,179.5,4844.75,4002.52,2214.53,10000,never above limit
2341891378416287,63.01,2691.26,1485.19,1247.6,3000,never above limit
2377857415001409,1135.3,6346.57,4310.01,4419.01,12000,never above limit
2396988576748662,1119.42,11042.78,9602.24,9605.15,12000,never above limit
2407349078067156,0.0,5053.44,6202.91,3789.25,12000,never above limit
2409669868254522,0.0,0.0,193.05,110.75,2000,never above limit
2420143847731044,302.79,7605.73,4992.37,5648.03,9000,never above limit
2440730617592819,627.15,23940.24,23462.95,22489.2,30000,never above limit
2441100449108586,218.53,8400.15,7132.06,9276.97,14000,never above limit
2469800015876540,311.59,10032.02,10208.4,7752.97,12000,never above limit
2473526792975445,162.46,5031.68,4529.79,4679.29,10000,never above limit
2519792944246796,0.0,2258.11,2120.89,1547.43,4000,never above limit
2544794177165766,814.66,12701.13,11451.55,16400.34,18000,never above limit
2548694161694583,46.59,2753.87,1817.75,1817.93,10000,never above limit
2557172553412520,124.87,1005.42,762.62,711.8,10000,never above limit
2596862660671371,0.0,1753.43,1507.38,2301.82,10000,never above limit
2600687426901365,394.12,11120.49,12740.04,9483.1,16000,never above limit
2617818479902672,855.22,28835.95,27224.95,27885.89,35000,never above limit
2620704021218241,356.2,18602.54,17410.09,15300.7,20000,never above limit
2625359414931381,158.46,5704.58,9639.35,11996.71,12000,never above limit
2635734164793243,42.34,3468.65,485.97,652.83,5000,never above limit
2639660431498464,1038.88,8698.59,7675.51,5926.02,9000,never above limit
2647136239925128,369.76,15752.84,13820.39,11824.26,18000,never above limit
2672797853275095,93.54,4433.68,6086.03,4009.7,12000,never above limit
2689382042733559,474.22,9786.21,10018.27,7191.82,15000,never above limit
2692109715166166,160.32,5218.45,7260.08,7614.38,10000,never above limit
2698111742263426,41.1,230.28,501.06,176.41,2000,never above limit
2718893247424677,264.55,8875.39,6987.04,7256.17,10000,never above limit
2737987462573599,130.96,8599.22,6585.13,8334.6,10000,never above limit
2743655125021019,439.66,10544.05,11397.19,9185.33,12000,never above limit
2760867830405786,13.89,951.83,1619.98,1589.79,8000,never above limit
2800799152896633,445.63,20638.91,22402.48,18547.46,25000,never above limit
2805299759365579,61.68,1669.52,1651.16,2462.63,3000,never above limit
2817353387367914,1125.66,7634.76,11039.99,8039.7,15000,never above limit
2824840080919615,0.0,2076.65,970.7,1379.59,8000,never above limit
2848482178783636,0.0,0.0,44.61,0.0,7000,never above limit
2853112388344894,127.61,9490.96,5184.45,6572.72,10000,never above limit
2899375199449433,439.46,9925.71,6952.51,7702.69,10000,never above limit
2921263077776915,106.93,2039.72,3584.26,3748.38,7000,never above limit
2925559987432581,94.28,3067.28,4008.28,4750.33,10000,never above limit
2932839780724266,456.65,3242.17,3701.8,3977.27,4000,never above limit
2941992413383931,426.4,11772.15,13034.19,9123.49,14000,never above limit
2954456265698260,296.3,9177.04,7163.07,10706.62,15000,never above limit
2964226721442922,128.43,7013.98,11206.35,7213.96,12000,never above limit
2995243184388559,0.0,6595.99,5057.03,5621.34,8000,never above limit
3000865854914214,51.28,1401.54,553.12,395.69,5000,never above limit
3002135240381800,80.91,4747.98,5731.23,5359.38,9000,never above limit
3015736744626726,171.41,6772.91,9289.98,5867.66,10000,never above limit
3028140595406023,0.0,247.26,115.06,242.63,10000,never above limit
3046519985237274,233.46,6585.28,8648.07,5560.21,10000,never above limit
3051234642059526,234.21,8174.45,4641.73,6552.34,10000,never above limit
3053439628501145,322.44,10195.68,10401.1,14174.46,15000,never above limit
3070283164295984,379.91,14159.29,13168.58,21334.59,24000,never above limit
3084925533151405,19.81,1453.5,1546.25,1470.08,6000,never above limit
3086742415895605,1055.67,5296.78,3764.17,6225.75,10000,never above limit
3091243789501733,46.38,647.8,2600.85,1458.52,4000,never above limit
3125397457087333,707.59,7145.37,3900.03,3485.56,10000,never above limit
3126713197438541,355.5,14808.58,14596.23,12685.31,15000,never above limit
3129775937278112,89.83,4862.89,3281.23,3986.16,6000,never above limit
3130956058854105,335.85,7084.8,8656.96,8094.4,12000,never above limit
3141741552082614,496.18,7496.6,7856.64,9233.6,12000,never above limit
3153643853817761,0.0,7284.7,5645.77,7227.55,8000,never above limit
3197366545608306,102.83,1514.42,2706.1,1388.31,7000,never above limit
3198356899091665,365.17,8682.05,8542.84,7645.59,10000,never above limit
3199929867863316,280.56,5084.71,6012.37,3790.86,8000,never above limit
3208666010319493,478.17,10003.55,11417.08,10813.27,12000,never above limit
3222599265756712,62.11,1296.54,1528.17,1425.74,5000,never above limit
3224706753595872,817.41,19847.79,15928.69,16063.03,21000,never above limit
3238229810297729,423.84,9699.35,12200.37,9356.75,18000,never above limit
3252422521439823,12.95,1596.14,3022.7,1223.51,10000,never above limit
3253141560871065,597.18,15473.73,20039.7,12277.11,30000,never above limit
3259748360353854,227.52,5435.05,2114.91,5277.88,6000,never above limit
3269417514626180,797.62,16177.72,16482.29,14930.09,18000,never above limit
3283780398702017,93.3,5661.09,3534.32,3082.43,8000,never above limit
3297156822354843,173.53,8817.11,4868.0,5436.37,14000,never above limit
3306399358832671,510.66,11238.97,10539.02,11144.99,16000,never above limit
3311276221301887,180.55,1764.43,2834.89,3210.42,6000,never above limit
3317657129455475,326.71,13646.78,11468.22,10585.56,14000,never above limit
3340974252743524,0.0,5123.96,1390.13,2595.98,6000,never above limit
3342907490282079,1044.51,1011.8,1281.74,2465.71,5000,never above limit
3344214228396727,0.0,1939.11,3013.39,2604.59,10000,never above limit
3352988767824026,235.34,7339.79,6175.71,5618.18,14000,never above limit
3357251116163441,711.27,20962.29,18557.61,21422.78,25000,never above limit
3367848759678576,24.01,3631.61,5153.27,4256.58,8000,never above limit
3384913269838299,69.5,3432.31,2753.11,4232.0,5000,never above limit
3410360221015707,517.68,13040.93,12588.75,13904.19,20000,never above limit
3413946891046800,0.0,1424.21,1057.38,328.59,10000,never above limit
3417477890619483,0.0,285.83,638.61,137.72,9000,never above limit
3424173121597094,130.67,4211.3,4652.4,3551.62,6000,never above limit
3436245968389889,456.37,5984.06,6569.21,7972.69,10000,never above limit
3448348878698904,116.43,5027.99,3134.54,6138.24,10000,never above limit
3454193028012809,512.16,21327.04,25368.53,21847.76,28000,never above limit
3457862814915595,210.78,13478.55,12045.78,15096.59,20000,never above limit
3458282373086860,0.0,2260.81,1671.71,2295.34,5000,never above limit
3481671427731175,1128.37,7546.24,6238.15,9520.13,10000,never above limit
3486363890209406,48.75,834.37,1459.97,799.06,4000,never above limit
3489836158322637,343.35,11477.24,11791.26,12453.3,15000,never above limit
3506311286355533,367.25,3785.78,4640.05,2952.39,7000,never above limit
3511407381857380,53.33,1185.08,910.53,2844.87,4000,never above limit
3514909947941558,246.95,3680.97,4495.63,4371.8,9000,never above limit
3517760483459935,1699.67,9632.25,10484.28,12092.55,16000,never above limit
3520225040306995,0.0,3343.51,2440.7,4773.33,5000,never above limit
3539204020033123,1031.69,7716.43,5794.82,4297.5,10000,never above limit
3541586324828319,1640.74,25597.64,20355.05,23459.24,28000,never above limit
3551280959338794,122.53,5464.86,6004.78,5665.38,10000,never above limit
3552650080971064,764.63,18250.99,17190.03,17127.81,20000,never above limit
3569775399128772,0.0,436.28,239.18,2437.18,4000,never above limit
3575809678541644,248.03,10091.4,7962.21,10552.95,15000,never above limit
3598888231646460,0.0,1645.29,1139.21,769.94,4000,never above limit
3612614294719592,50.96,17686.54,11795.31,12743.63,20000,never above limit
3613345325704319,253.83,9719.27,7301.2,11753.41,18000,never above limit
3616329710798175,847.89,17459.38,20675.85,22449.16,25000,never above limit
3645572182845204,0.0,722.13,692.08,1736.51,10000,never above limit
3658664738766077,101.14,2955.78,5117.72,2695.52,6000,never above limit
3662455495779947,861.75,14878.41,19798.79,13182.52,24000,never above limit
3677501628719542,5.67,3850.9,1710.85,3661.93,10000,never above limit
3696717918927642,402.52,13213.56,14253.45,11598.92,16000,never above limit
3702831934212129,470.55,15197.05,10400.01,14816.49,20000,never above limit
3707548197703686,96.85,1751.91,3617.59,5261.38,6000,never above limit
3709941163857886,425.44,15488.63,10142.64,12947.56,21000,never above limit
3714863719798369,357.57,8707.52,8178.71,7382.69,9000,never above limit
3731792856728063,258.25,5973.73,8555.26,9165.71,10000,never above limit
3736320383919103,55.91,3261.83,2137.21,2450.61,6000,never above limit
3738695168506613,198.78,3605.57,4638.45,4224.6,8000,never above limit
3742680218482691,839.21,21350.67,16049.53,19437.74,25000,never above limit
3765967291056122,437.91,19282.02,17165.61,17771.53,20000,never above limit
3769271071419194,1416.43,22793.04,15644.89,14660.03,25000,never above limit
3787622376078564,2695.13,21641.87,22014.55,23518.16,24000,never above limit
3796907537369905,0.0,739.0,509.94,864.55,5000,never above limit
3801374660832282,1117.68,19719.82,17015.83,17482.7,20000,never above limit
3805530354015938,322.43,9499.43,10935.67,8154.26,12000,never above limit
3815394949163663,198.25,9515.7,9073.27,7154.33,18000,never above limit
3817731837557664,1567.12,16197.55,15586.08,15980.93,18000,never above limit
3824313030996787,135.84,9972.74,11876.75,9959.43,12000,never above limit
3831759517786458,394.17,10456.23,9785.44,9098.05,12000,never above limit
3836251327914201,175.66,7533.87,7264.15,6500.09,12000,never above limit
3846448423306515,281.36,9872.19,10933.97,6178.72,12000,never above limit
3862898177506617,100.62,3750.91,4119.69,2199.81,8000,never above limit
3870380583282871,1496.36,7986.51,7302.71,7182.73,9000,never above limit
3871110336988202,0.0,3762.39,3174.91,2818.46,10000,never above limit
3877689042636086,327.2,7122.89,6124.22,4941.47,10000,never above limit
3902105116692669,0.0,1565.5,1441.54,843.05,3000,never above limit
3907281016803810,373.68,8749.59,6445.15,8658.89,12000,never above limit
3917492344376650,791.88,15392.64,15495.25,16420.52,20000,never above limit
3924829195486659,464.33,9330.56,7532.7,9429.17,10000,never above limit
3951632727431524,687.3,19675.83,18833.08,22641.18,25000,never above limit
3954565279762367,651.82,11726.97,12252.5,12533.66,15000,never above limit
3966556370103795,1144.84,15183.46,12740.37,14347.92,16000,never above limit
3970322957269847,882.2,13748.74,15782.68,16359.92,20000,never above limit
3972528153355730,208.78,7326.53,5755.96,4891.32,8000,never above limit
3992365863289344,387.69,10352.55,9703.07,8609.6,15000,never above limit
3999331922264962,1454.11,14657.01,15937.98,14345.15,20000,never above limit
4003356110638356,571.33,18945.49,17355.28,14413.43,20000,never above limit
4008221261662791,966.24,9168.27,8076.69,10170.81,14000,never above limit
4019546939071295,1564.03,16059.55,18794.12,18764.54,20000,never above limit
4025320586621760,140.44,10026.65,3561.54,5301.49,12000,never above limit
4026696367506082,953.7,7927.82,7551.41,4980.51,8000,never above limit
4027126453841428,539.77,18246.86,16901.89,17434.47,20000,never above limit
4048301611162722,43.54,849.02,1356.88,1272.67,5000,never above limit
4050952261377140,0.0,1724.86,1783.0,2727.67,5000,never above limit
4060233054263467,1141.78,7171.82,4718.33,7025.01,8000,never above limit
4074760985342487,0.0,527.42,176.56,246.37,2000,never above limit
4101798991332958,1088.86,13345.88,14050.85,10942.9,15000,never above limit
4114566748837655,1145.5,6716.4,4542.92,6148.56,8000,never above limit
4140252840629305,679.41,35810.9,29116.75,29428.2,40000,never above limit
4141302078555386,41.01,9942.55,10008.9,9423.01,12000,never above limit
4157980693234568,0.0,728.48,1500.3,640.53,10000,never above limit
4159662672178300,387.45,9972.27,8988.28,11192.53,20000,never above limit
4168922642514119,0.0,218.46,525.55,546.75,10000,never above limit
4171614982554774,273.14,8865.03,7073.36,9144.52,10000,never above limit
4172354071638301,478.62,15813.31,15565.35,20511.39,25000,never above limit
4186963117247464,360.14,16910.39,20677.19,15781.0,30000,never above limit
4213842418098364,274.71,5225.99,7039.31,4478.89,9000,never above limit
4217808221875420,552.78,11945.71,13005.51,12966.71,15000,never above limit
4222257296924178,138.71,2130.0,3408.82,3341.14,4000,never above limit
4226229431544062,1731.47,27413.49,20821.77,28743.08,30000,never above limit
4227572855159541,0.0,4944.32,6638.81,7191.71,8000,never above limit
4232565960027650,286.31,4491.11,4576.75,2116.62,6000,never above limit
4233789026286017,391.6,17570.83,14372.65,17706.12,18000,never above limit
4234505022072368,304.34,13530.65,10341.15,10861.82,16000,never above limit
4235114373687107,71.34,4191.46,1508.12,3002.34,10000,never above limit
4251786088548131,34.1,260.2,1144.21,406.11,5000,never above limit
4265201268681111,940.28,8186.67,8954.32,7343.87,9000,never above limit
4270238553541882,660.8,6563.3,6120.12,5080.3,8000,never above limit
4281752431928501,1408.95,30609.23,28767.51,27164.7,33000,never above limit
4282781825761856,368.48,9213.15,8247.86,8140.16,10000,never above limit
4289208456528903,0.0,506.83,652.69,398.55,4000,never above limit
4290726060535834,0.0,128.14,54.62,227.88,10000,never above limit
4296246438604183,0.0,0.0,0.0,18.32,10000,never above limit
4302633772248169,461.38,11352.17,14450.58,12770.02,16000,never above limit
4307439154071927,0.0,2576.99,3006.0,2165.71,6000,never above limit
4309494627223049,632.2,18420.29,20952.35,21482.45,28000,never above limit
4313788156475922,33.11,4566.18,3478.64,3643.78,8000,never above limit
4320721997102152,514.47,14349.58,17949.37,20212.83,25000,never above limit
4333830558305665,250.93,13982.31,14281.71,17823.53,20000,never above limit
4339853010378399,318.61,7975.69,12955.24,10118.9,18000,never above limit
4341436577635619,683.98,7728.0,6927.19,6627.32,8000,never above limit
4356584115636738,112.63,2424.64,4502.18,3880.93,10000,never above limit
4386321242706043,1606.26,17776.29,18603.78,18943.44,20000,never above limit
4401901448192965,281.7,8374.34,11139.23,12958.44,15000,never above limit
4403429977563696,223.4,3174.05,2566.42,3058.7,5000,never above limit
4439982514963965,27.03,2992.16,3869.84,4229.32,5000,never above limit
4441810945214262,343.57,21190.63,20029.19,13822.93,30000,never above limit
4496398325375529,221.63,5130.8,4811.07,4039.56,7000,never above limit
4505833195983226,82.59,4086.61,4498.53,4504.66,6000,never above limit
4513504763542143,17.69,564.51,566.08,437.89,8000,never above limit
4516569913607412,723.9,8975.24,12986.04,11854.42,16000,never above limit
4521667837475463,120.0,8272.22,8418.04,7600.73,9000,never above limit
4531548899489219,305.39,9120.83,6889.52,8585.87,12000,never above limit
4539200319153652,619.98,4259.88,3353.18,4969.86,10000,never above limit
4546345297067747,79.02,1367.99,3165.5,4134.67,8000,never above limit
4570155620446594,22.63,131.9,1100.02,491.01,8000,never above limit
4616880410668126,161.65,6406.76,3066.83,6286.79,10000,never above limit
4639173013775632,231.42,4064.72,2399.47,2275.06,5000,never above limit
4662285575534520,50.1,505.9,1115.78,1259.95,4000,never above limit
4663577652761810,460.02,3330.85,4368.06,4712.47,5000,never above limit
4664185471467111,1395.99,14972.92,13333.25,15109.98,16000,never above limit
4666866933569419,175.37,713.85,1879.61,1140.63,8000,never above limit
4672118413151569,817.63,12272.22,9990.26,11495.84,14000,never above limit
4682464059155194,291.4,7966.72,9982.13,5744.2,18000,never above limit
4688258194581749,28.48,2448.8,616.08,584.58,4000,never above limit
4690759158535050,1073.87,12292.76,9937.33,9767.78,15000,never above limit
4705966876787269,0.0,0.0,0.0,103.88,10000,never above limit
4710393737306304,13.15,3230.84,2125.91,5302.88,10000,never above limit
4718224894234489,1361.36,11339.94,14732.02,13226.06,18000,never above limit
4722888325136251,215.51,6298.21,6714.0,8713.85,10000,never above limit
4742690566857474,327.46,16005.87,11077.13,18034.74,20000,never above limit
4744743520431714,64.19,2607.91,1560.17,956.33,4000,never above limit
4747886986038458,798.6,18017.98,21046.55,19153.25,30000,never above limit
4749889059323202,459.77,9134.67,8233.17,7300.48,14000,never above limit
4755187966465702,515.76,18869.02,20489.76,14229.01,25000,never above limit
4760865394229236,953.98,8955.95,8275.09,8420.66,10000,never above limit
4761149767499742,420.99,7524.45,8518.65,7506.67,9000,never above limit
4766210145946696,44.42,5169.59,4050.94,3095.29,10000,never above limit
4769264372531012,1041.45,28568.75,24207.95,28009.37,30000,never above limit
4779104415243065,124.46,3757.87,3118.34,4054.45,10000,never above limit
4780225344761787,120.48,6281.04,7350.03,5136.11,8000,never above limit
4787957227319660,219.09,9262.36,12865.16,8370.01,20000,never above limit
4792676311859858,422.9,23413.03,19147.03,19885.01,30000,never above limit
4795379267919800,619.18,6548.62,5953.53,8787.34,10000,never above limit
4798124560973632,423.91,8146.68,6591.05,6782.28,10000,never above limit
4803218554363943,0.0,607.39,557.12,1575.96,4000,never above limit
4832198644199161,1323.36,33737.64,27488.68,38094.9,40000,never above limit
4833760023644511,526.12,25767.65,26958.2,19052.77,30000,never above limit
4876614541242383,171.4,3929.51,1422.68,1920.97,9000,never above limit
4890937775145245,0.0,934.73,1103.02,1328.15,3000,never above limit
4893545347026703,20.15,3956.07,2183.79,2250.17,4000,never above limit
4901899458549426,1022.5,8658.75,9700.44,8784.14,12000,never above limit
4904685164839326,0.0,2330.76,992.35,1121.35,3000,never above limit
4931351520825852,60.18,1726.5,459.18,646.81,6000,never above limit
4933910876032607,281.02,12871.92,10844.83,10302.62,15000,never above limit
4936380626945447,149.44,6943.55,8593.19,5842.31,14000,never above limit
4954103748307036,0.0,0.0,0.0,124.56,4000,never above limit
4982870431606503,1506.67,9238.53,12523.05,11503.78,16000,never above limit
5000268333411354,516.0,6616.97,9772.94,9576.48,10000,never above limit
5013753958362344,748.32,10214.72,8161.63,10993.63,12000,never above limit
5016712448423893,51.2,3634.86,4407.27,3505.91,6000,never above limit
5022294487953183,235.82,7527.7,7853.55,9388.61,10000,never above limit
5027662896498929,114.52,3962.68,4990.53,4293.7,7000,never above limit
5046524059181009,168.07,1977.56,2121.97,1507.06,8000,never above limit
5059189477453448,1688.45,28765.07,28869.81,36638.96,42000,never above limit
5061349615705175,17.77,8834.23,7420.35,7839.5,10000,never above limit
5073807444974852,788.34,13963.53,13777.49,13675.8,18000,never above limit
5079406362483117,114.03,1167.33,1525.56,2033.48,10000,never above limit
5080999416077253,914.05,3051.78,4642.4,3731.65,5000,never above limit
5098511582643613,308.43,12818.38,10079.34,10665.18,14000,never above limit
5105236644344510,147.9,3162.96,3899.05,4189.72,10000,never above limit
5132270021326600,609.33,13411.59,11813.94,10220.8,15000,never above limit
5133871386101527,0.0,1462.33,155.03,230.57,9000,never above limit
5142934429645149,1731.14,21690.94,21225.1,18776.52,28000,never above limit
5163439090127213,12.18,1031.38,93.12,171.99,10000,never above limit
5166438433672591,0.0,5698.78,3444.23,5599.35,10000,never above limit
5171595359553508,477.12,9272.41,11447.67,10643.87,20000,never above limit
5175507030601876,630.96,17622.81,18619.24,18695.7,20000,never above limit
5177967593503491,790.73,15928.56,17719.61,12573.19,20000,never above limit
5178912386959057,132.92,3911.02,2838.42,3315.22,5000,never above limit
5179741011136232,748.82,21766.81,21910.04,20364.12,28000,never above limit
5193447888327490,954.38,4689.4,3481.85,6511.89,10000,never above limit
5201123369816877,418.19,8043.86,8441.39,7083.12,10000,never above limit
5208989390764870,673.16,15453.37,12922.27,13994.42,16000,never above limit
5213801443993459,1117.34,12321.04,7930.08,7665.44,20000,never above limit
5228380053135598,538.63,15369.37,17093.41,17261.89,24000,never above limit
5229488282763963,131.11,4223.52,4993.02,4538.89,7000,never above limit
5247358861329350,333.49,14832.11,19766.64,15849.3,20000,never above limit
5255734714016352,54.64,5034.28,5195.7,7296.73,9000,never above limit
5275410446848007,357.77,7482.77,12228.73,8286.65,18000,never above limit
5285935774074579,429.93,9047.5,10320.38,10493.1,15000,never above limit
5286504827011372,362.21,6658.93,7592.17,3546.1,10000,never above limit
5290774753899753,19.04,2304.72,334.87,1200.21,10000,never above limit
5292968988475633,43.92,6010.65,3155.09,3004.39,7000,never above limit
5293204730208718,703.32,30679.94,27874.59,30019.75,35000,never above limit
5308904973935901,39.07,1106.86,996.1,2184.27,10000,never above limit
5320791639135601,220.34,9597.58,10523.92,6282.71,12000,never above limit
5339470339859139,123.5,6871.02,11834.22,8106.08,14000,never above limit
5342740779739467,55.53,3507.69,4858.49,3223.02,10000,never above limit
5353425661157701,615.91,16030.23,14043.13,15436.04,20000,never above limit
5356282040111031,542.79,14923.04,15486.02,19340.11,20000,never above limit
5364469336425108,0.0,1990.12,1523.93,2105.46,7000,never above limit
5365966946601761,87.57,5093.04,4593.93,5616.26,10000,never above limit
5376655964161192,0.0,594.75,1290.53,1164.44,3000,never above limit
5389746962267460,136.76,2739.95,2255.9,3861.32,10000,never above limit
5405790922747020,537.04,10447.3,11341.05,12813.71,18000,never above limit
5426980759755351,82.05,2813.23,4573.98,2662.81,7000,never above limit
5427757726611889,357.26,7092.99,7922.21,8311.71,10000,never above limit
5433491746431814,435.11,9758.71,10868.26,10872.16,12000,never above limit
5446645498913605,315.75,9653.69,14771.47,11288.72,15000,never above limit
5449610971108305,0.0,0.0,351.48,64.18,6000,never above limit
5453745952738769,114.35,5658.48,4639.66,4642.7,10000,never above limit
5458162124475323,1458.28,13795.96,17029.73,16609.53,20000,never above limit
5468123853913421,94.84,5588.39,2976.46,2082.7,7000,never above limit
5494958749848869,0.0,786.15,1348.65,2621.93,9000,never above limit
5514508235368997,87.2,5651.69,6495.66,4135.75,10000,never above limit
5527951937235136,162.41,3626.99,2369.23,3534.62,6000,never above limit
5533884728934194,265.2,17250.27,15894.13,18306.55,21000,never above limit
5537697283153819,389.73,9163.02,11621.66,9017.05,20000,never above limit
5552770653002916,512.31,19416.01,17897.34,16131.87,20000,never above limit
5609767247461337,907.04,27657.57,24591.64,22693.99,28000,never above limit
5617658887579781,28.66,3633.37,2700.73,3867.48,5000,never above limit
5644143320838397,2642.55,50080.47,44157.64,51569.82,55000,never above limit
5654948589485821,236.21,7548.56,11626.13,8215.11,18000,never above limit
5659288348108211,574.53,14643.65,16361.25,15867.67,20000,never above limit
5664450038929347,1164.48,32192.61,28306.2,28372.63,40000,never above limit
5666241810779885,476.68,7285.46,6107.53,7102.75,9000,never above limit
5667345463662229,185.1,5504.71,6121.19,4148.16,8000,never above limit
5684510881502693,352.57,9417.63,8190.87,6204.49,12000,never above limit
5686317975615926,296.36,8622.88,9232.06,10669.36,15000,never above limit
5697145338404683,188.42,4384.23,4231.6,3155.31,8000,never above limit
5700924993541613,201.12,9012.55,7138.11,9076.72,12000,never above limit
5705142797618710,0.0,2462.4,2138.07,2887.59,5000,never above limit
5709824612342078,416.39,14249.03,16191.72,13087.02,18000,never above limit
5717872686412990,1293.77,12823.1,9139.41,11679.01,16000,never above limit
5721265318199034,92.78,13293.99,11517.97,12385.21,15000,never above limit
5730606033377949,459.85,9699.32,10953.34,14435.51,16000,never above limit
5739635764702223,0.0,234.92,227.46,133.42,10000,never above limit
5759828179208154,62.31,5658.65,4728.13,7413.95,8000,never above limit
5762108118035491,581.89,7930.03,8541.52,5455.76,10000,never above limit
5766495283121226,143.27,809.46,1891.66,1144.95,7000,never above limit
5780268975765473,513.96,17803.24,18064.75,19706.99,20000,never above limit
5783648852115715,259.33,14938.64,11383.89,10256.1,20000,never above limit
5790900556949261,181.01,8786.29,6720.68,9006.96,10000,never above limit
5798102379533575,311.05,5940.14,4636.73,4740.1,10000,never above limit
5808568142475251,347.73,4879.07,4608.69,3881.87,5000,never above limit
5814955316793393,768.91,13282.97,11955.73,13231.67,16000,never above limit
5827454659596708,46.01,836.76,545.12,671.27,4000,never above limit
5828448317363869,135.45,3002.11,3883.1,3509.58,7000,never above limit
5836753091038481,210.28,9455.4,6907.8,5332.2,12000,never above limit
5849111629036386,58.08,3205.27,3047.84,4216.15,10000,never above limit
5862371394578648,155.63,8238.92,7089.81,5389.67,12000,never above limit
5864242444135997,1070.91,19380.41,16873.89,18124.02,20000,never above limit
5872602762998578,248.68,2669.52,1037.91,1514.41,7000,never above limit
5876686859794608,316.75,9867.79,8328.03,9571.49,14000,never above limit
5891245628237787,377.37,12274.17,10915.6,14327.38,21000,never above limit
5918282832042862,40.36,2787.62,3366.93,4414.51,5000,never above limit
5924922891293495,557.02,10341.27,10457.99,11117.17,20000,never above limit
5929569085404951,109.58,2726.66,3873.87,3253.25,6000,never above limit
5930630722779265,1467.04,32032.92,27059.17,31187.2,35000,never above limit
5948940271342611,287.83,10130.14,10249.58,10150.8,12000,never above limit
5960629082676983,80.27,2222.37,1765.9,4028.26,6000,never above limit
5961248174929633,39.27,904.26,779.5,1256.83,4000,never above limit
5993120257934794,1004.28,26019.09,30838.5,28642.56,40000,never above limit
5999629725471339,693.64,19499.23,15609.37,13084.38,24000,never above limit
6013984457072930,214.35,4379.9,5516.75,5767.1,10000,never above limit
6058125552802074,387.28,14367.02,9355.47,9172.2,16000,never above limit
6063334769611138,256.74,9368.59,7950.09,7529.89,10000,never above limit
6075288092815423,150.29,10776.08,9389.62,9369.62,12000,never above limit
6120484619552052,768.05,19476.17,13131.46,18166.68,20000,never above limit
6126515498577720,0.0,2430.07,4193.64,3619.3,7000,never above limit
6154164379665055,146.12,3046.09,2268.47,3523.82,10000,never above limit
6156698325995733,0.0,116.2,1940.63,138.35,10000,never above limit
6160860237001016,21.76,1988.97,3827.68,2059.06,6000,never above limit
6161580285936095,558.51,11715.7,9196.21,7420.57,12000,never above limit
6162758085256721,167.94,6561.0,7605.19,10394.58,12000,never above limit
6164143160904912,0.0,2648.99,2815.3,2933.85,10000,never above limit
6186951577719336,54.51,3511.96,3469.46,2625.82,4000,never above limit
6201975636402458,66.88,1336.1,2355.17,2465.92,4000,never above limit
6202290276245949,351.71,6842.56,5931.32,6760.79,7000,never above limit
6205219558117674,53.7,595.28,1069.68,997.45,4000,never above limit
6214915371897876,1973.45,21850.67,24877.77,24166.34,28000,never above limit
6215912685151625,0.0,1144.29,1158.18,856.4,10000,never above limit
6216751190381521,624.7,5759.52,9161.42,6216.58,10000,never above limit
6225921585766163,512.28,10664.01,11041.97,9041.67,16000,never above limit
6235292123992652,86.3,7336.69,6324.97,6825.5,14000,never above limit
6239589776969686,346.55,15546.96,14599.21,13420.13,20000,never above limit
6244656436085734,50.92,1268.61,1935.6,2094.25,9000,never above limit
6245684915925010,116.74,2006.75,1587.06,2691.48,3000,never above limit
6256736424616777,352.19,6572.07,3618.25,5195.61,10000,never above limit
6266705123601799,243.96,889.73,1644.98,1564.01,4000,never above limit
6270963060103806,344.95,14240.81,12047.42,13987.23,21000,never above limit
6286633870767123,151.76,6566.8,10809.54,5606.16,12000,never above limit
6295994752468225,947.88,24033.23,24139.52,26754.77,30000,never above limit
6303154567927815,369.23,13376.81,7683.63,12383.84,15000,never above limit
6310725288144157,521.39,12286.94,9728.27,11409.68,14000,never above limit
6319530478989228,68.1,5499.41,8872.78,6865.67,12000,never above limit
6325419957422105,143.93,645.32,869.14,734.51,8000,never above limit
6354366482171744,0.0,2127.84,1144.97,1365.04,10000,never above limit
6379790667727929,295.39,10882.15,12208.89,9697.62,20000,never above limit
6388959096068998,116.25,7568.45,4120.98,4090.23,10000,never above limit
6400102930973570,0.0,0.0,0.0,53.36,8000,never above limit
6404482075284890,493.89,7591.16,7078.74,9967.79,18000,never above limit
6422651895848072,228.35,3953.5,3514.54,2874.35,4000,never above limit
6423417855132625,36.31,263.05,409.95,1210.39,5000,never above limit
6447142363937125,0.0,163.1,229.46,770.56,8000,never above limit
6455247676775228,413.28,15454.41,15396.21,10971.73,20000,never above limit
6457362521948249,0.0,21.42,0.0,21.53,3000,never above limit
6465194079012865,1100.7,6824.86,5687.7,8921.52,12000,never above limit
6480602940038149,156.0,9772.39,7597.36,7026.6,10000,never above limit
6483234875464386,688.16,15734.19,13640.83,15466.93,18000,never above limit
6488510088679104,1295.45,10453.42,12695.07,9339.14,16000,never above limit
6495847936021430,978.01,16664.06,15721.2,16262.68,20000,never above limit
6499168840378342,371.9,3457.19,5045.51,6833.75,8000,never above limit
6514175342145589,70.91,4764.55,7534.76,6157.51,9000,never above limit
6515359867298603,90.12,3087.91,3323.87,955.45,6000,never above limit
6521271718368276,91.56,3655.8,4611.43,6871.63,7000,never above limit
6596857396468224,598.87,17315.97,15508.92,16095.75,18000,never above limit
6598829254424957,371.57,14315.04,14158.91,13866.83,16000,never above limit
6615733467016631,26.72,3319.74,2361.59,3383.85,9000,never above limit
6631838888901006,221.2,6531.21,6209.62,5910.3,8000,never above limit
6636937316963132,211.6,11701.04,12389.67,11446.87,16000,never above limit
6640710366086702,132.25,5156.2,6083.04,5391.19,10000,never above limit
6661995519399289,555.0,19115.45,17295.11,16386.04,21000,never above limit
6667627884219652,563.34,4716.66,6065.99,6819.64,10000,never above limit
6698437277931525,41.66,444.37,298.53,306.28,5000,never above limit
6702862097534967,356.04,5681.04,10424.36,5152.36,12000,never above limit
6703587278204507,577.81,15334.78,14416.73,11508.57,20000,never above limit
6714811165769097,80.52,2141.17,1759.03,2063.96,10000,never above limit
6732485122573267,300.72,10327.63,9399.34,6088.53,15000,never above limit
6744701624115884,1369.87,16758.47,12701.81,18905.89,20000,never above limit
6748216777495177,167.56,8318.25,6793.93,7084.57,10000,never above limit
6756817030435521,0.0,596.0,355.73,192.86,8000,never above limit
6780209767452752,1770.59,29269.37,30876.71,33757.93,35000,never above limit
6804279646781269,538.5,11189.97,8251.31,9492.88,15000,never above limit
6806677056951330,73.66,2565.4,2025.71,2820.24,8000,never above limit
6819174647393472,402.2,7079.76,7226.5,6039.78,10000,never above limit
6838971510538393,0.0,2643.54,3688.06,2021.88,5000,never above limit
6841733273104926,162.81,4938.69,4779.01,3834.95,8000,never above limit
6849482510053541,100.51,4487.19,3626.21,2410.78,8000,never above limit
6863464532297009,110.84,9304.91,11069.65,8219.07,12000,never above limit
6872461016514653,0.0,604.39,1611.86,1872.91,10000,never above limit
6873200773836131,379.55,10408.6,10432.41,10329.22,14000,never above limit
6891610450164077,316.23,15777.93,15931.92,15000.41,16000,never above limit
6898559558056681,390.35,3194.65,4345.56,1982.94,10000,never above limit
6933786855515871,430.78,5917.46,6792.65,6791.18,7000,never above limit
6935346241885581,1596.84,31900.52,31622.34,30581.34,32000,never above limit
6938265066782069,52.08,4203.34,2514.0,2834.15,5000,never above limit
6945217470076371,484.24,19155.53,21029.56,19145.51,28000,never above limit
6959222140366866,1032.03,13576.28,10168.26,15805.98,18000,never above limit
6962185392737245,177.07,8450.86,8764.95,6432.48,12000,never above limit
6967355131453039,0.0,166.21,1133.02,114.66,10000,never above limit
6975663682594960,485.07,7676.02,8151.87,8670.39,10000,never above limit
6988573032633097,1234.72,2113.52,2664.18,2207.09,6000,never above limit
7009880545491603,1437.86,5706.33,7160.13,5049.66,8000,never above limit
7011626867998686,55.12,3793.73,4081.51,3436.64,7000,never above limit
7030584443306096,2096.28,11330.96,11085.52,9518.34,20000,never above limit
7035768975773980,0.0,72.12,153.57,0.0,5000,never above limit
7036919029144120,278.92,28101.0,25920.79,24548.02,30000,never above limit
7045277863044303,554.96,6827.84,5628.2,6898.63,8000,never above limit
7053196367895112,250.73,17054.52,15986.83,16430.07,18000,never above limit
7062171597079225,154.8,5368.19,5027.08,6628.02,9000,never above limit
7073490367448189,0.0,730.78,1192.4,969.95,9000,never above limit
7081424943873587,574.83,16641.67,12109.0,13190.81,18000,never above limit
7087720787493988,346.66,9429.12,11177.38,11088.74,12000,never above limit
7096354853697942,1150.89,7214.02,11573.67,10931.83,12000,never above limit
7102237366403671,141.69,13837.53,9077.52,10426.06,16000,never above limit
7103682245071504,502.19,13158.75,13171.55,10992.36,15000,never above limit
7115509751643442,73.18,3436.13,3630.33,5135.52,10000,never above limit
7124999548487126,0.0,548.51,1235.13,1416.15,10000,never above limit
7126435777387607,211.97,10896.78,11458.57,9942.24,20000,never above limit
7131626365886872,273.82,7798.16,7243.21,10901.62,12000,never above limit
7142411144219620,131.56,5500.3,2954.96,5493.52,9000,never above limit
7180893798762595,1343.06,17531.88,14164.53,18114.3,20000,never above limit
7186723485093836,107.44,3189.61,2308.16,3223.45,10000,never above limit
7193900293112316,855.76,20963.48,23209.28,19214.64,24000,never above limit
7195601645654041,321.65,10793.86,8372.55,10169.28,16000,never above limit
7200349472931713,130.53,7060.88,4659.77,5776.35,9000,never above limit
7239424032193412,74.25,1085.95,672.41,737.89,2000,never above limit
7242139332065500,0.0,3125.43,3656.12,1719.98,9000,never above limit
7246108290515977,500.39,12020.64,7496.55,11326.74,16000,never above limit
7253140926151893,118.7,6369.82,2909.8,4575.34,9000,never above limit
7285338329726630,462.73,11370.93,15674.0,10105.42,16000,never above limit
7304413635737386,11.09,754.87,1721.19,1602.71,7000,never above limit
7314396346539895,119.16,5109.81,3482.95,6955.47,10000,never above limit
7325119954636745,140.46,9625.56,5522.32,5955.54,10000,never above limit
7334481986999944,244.44,9490.83,7843.02,6337.5,10000,never above limit
7344275932115101,256.08,7767.58,8363.85,8028.02,9000,never above limit
7356547139163401,480.83,2665.81,3366.09,2035.31,4000,never above limit
7392714892073628,0.0,1739.32,1044.99,633.65,3000,never above limit
7429421121062150,545.54,15150.38,15586.85,12376.37,16000,never above limit
7446346770123339,10.89,1563.3,2567.07,1634.85,5000,never above limit
7452262324088889,68.84,2588.79,2056.63,1785.85,10000,never above limit
7459970825011990,0.0,1924.02,796.43,1432.45,2000,never above limit
7461673920587452,154.35,7432.37,3720.67,3588.78,10000,never above limit
7470859729993000,213.63,15810.81,13047.41,13379.12,16000,never above limit
7479546374341294,165.01,3447.25,6796.3,4606.92,7000,never above limit
7482288151831611,25.44,2443.73,2807.33,899.8,4000,never above limit
7489457910592208,119.33,11600.95,7407.96,11011.14,15000,never above limit
7493277950441213,647.5,8523.72,8881.17,8492.24,16000,never above limit
7506181666311196,251.68,4154.59,3192.91,4525.71,9000,never above limit
7524708568363224,1158.57,20802.64,20469.71,21095.32,24000,never above limit
7528857656894738,11.55,1364.11,723.56,1590.05,3000,never above limit
7544799337394642,151.92,5542.44,4508.84,5477.84,8000,never above limit
7546186362815170,0.0,124.48,110.87,8.8,9000,never above limit
7553474181965140,112.34,3947.13,5971.18,8252.67,14000,never above limit
7578127974417334,47.84,2700.68,1167.25,2334.23,8000,never above limit
7581688456986723,0.0,1168.5,811.16,174.57,8000,never above limit
7596392338837497,278.84,16263.25,13383.97,15362.31,20000,never above limit
7598247814165987,127.26,3272.49,3112.69,1655.15,5000,never above limit
7623592082548014,367.63,15213.5,12387.09,14164.99,20000,never above limit
7628993515975118,359.93,9162.87,11300.82,12215.24,14000,never above limit
7636362072432217,2007.14,11725.03,13109.22,12580.57,16000,never above limit
7640392875963406,72.75,3248.54,2893.28,3628.96,6000,never above limit
7642492194434148,420.43,11233.04,11793.7,10011.1,15000,never above limit
7649237198931106,702.89,10392.7,11435.75,8376.03,14000,never above limit
7651566467203216,546.27,11284.29,11711.12,10449.93,12000,never above limit
7675526470884968,0.0,286.51,628.71,280.74,3000,never above limit
7685625385316960,361.66,10698.64,7863.87,8819.6,14000,never above limit
7687658687382923,194.96,6314.4,3429.65,5234.71,10000,never above limit
7688291064116663,1064.38,10492.56,10333.65,9413.03,12000,never above limit
7700703753605708,100.52,2137.26,1853.22,3516.93,7000,never above limit
7710564188096682,111.52,10494.75,11178.26,10686.94,12000,never above limit
7711805422759137,284.0,15457.87,16659.63,18409.78,27000,never above limit
7716741324008377,77.17,759.4,512.23,398.79,10000,never above limit
7728317158402059,839.8,23509.94,21009.8,23996.14,28000,never above limit
7736882353171315,891.6,18988.85,17858.33,15434.31,20000,never above limit
7745651081413913,88.49,6834.8,10210.55,7791.44,15000,never above limit
7757977389711023,143.86,6116.49,5548.89,4252.85,9000,never above limit
7765780560269150,174.14,9215.97,9243.99,6739.08,12000,never above limit
7768299333443860,116.67,5612.95,5898.48,5012.11,7000,never above limit
7769265222348528,961.55,25574.45,26221.83,22566.15,30000,never above limit
7781508495272974,196.07,2351.03,2692.22,1826.87,5000,never above limit
7785144321913880,38.52,3781.12,4379.08,4830.92,8000,never above limit
7787919251739915,1086.42,23106.82,23625.63,23210.41,27000,never above limit
7794694461432561,256.87,2511.96,3009.47,2730.05,6000,never above limit
7798370940858637,1177.46,19161.04,12946.88,17060.36,24000,never above limit
7802709536607734,518.66,13781.1,13745.49,14887.66,16000,never above limit
7804216189681274,708.39,15751.11,17311.49,14196.09,20000,never above limit
7805761625362663,0.0,265.82,237.8,30.96,3000,never above limit
7809589434909452,313.51,7884.9,8115.71,7951.11,10000,never above limit
7810782077858620,0.0,353.31,1877.21,1183.82,7000,never above limit
7811700299325879,575.68,17967.89,16302.38,18335.09,20000,never above limit
7831664021861519,667.59,16869.19,20107.5,14809.41,21000,never above limit
7838554896273468,11.92,598.17,469.01,249.26,5000,never above limit
7862780183667956,13.21,1202.94,406.52,2158.48,5000,never above limit
7869254138083290,9.47,506.17,371.97,400.48,10000,never above limit
7874281252875041,150.94,6359.35,9621.94,5158.14,10000,never above limit
7877869810457796,1002.18,3050.71,6135.06,5264.73,8000,never above limit
7898918688943986,335.07,17732.67,18384.32,16589.95,20000,never above limit
7916370876622524,1076.39,22989.37,21931.92,23771.5,25000,never above limit
7927809297669234,119.18,6144.64,4228.83,4979.49,10000,never above limit
7930309756035775,183.23,6373.17,6127.28,6753.25,10000,never above limit
7961700524971531,81.19,1103.45,803.9,473.94,5000,never above limit
7962835535781875,182.84,7505.23,6193.75,7318.03,9000,never above limit
7968925716431446,903.27,9110.56,9171.91,9639.51,12000,never above limit
7996607928053715,413.61,13541.7,11074.27,12760.13,16000,never above limit
8010549689039719,452.92,7631.49,6632.94,7751.23,10000,never above limit
8011569676936865,68.03,1138.59,1045.73,1558.73,10000,never above limit
8013107372772424,488.34,7739.85,6605.59,8488.72,10000,never above limit
8016323385451014,0.0,150.98,459.51,50.82,10000,never above limit
8028935620354401,152.1,9923.72,10051.13,10657.13,12000,never above limit
8032811535391112,136.08,10459.12,10609.8,10181.7,15000,never above limit
8035759955465736,38.43,1475.68,2373.48,1464.13,4000,never above limit
8088335924434698,0.0,1503.52,2173.62,1155.54,4000,never above limit
8089806479424934,155.06,8838.07,9072.14,8329.7,10000,never above limit
8108798437651256,922.35,11696.1,11532.71,9683.61,14000,never above limit
8123289635641903,981.39,9089.36,8582.06,12422.73,15000,never above limit
8137811493121777,693.39,13207.0,14039.85,13419.97,15000,never above limit
8152578549627680,124.12,8405.95,5928.12,4574.16,14000,never above limit
8162218322673975,461.67,11119.02,9148.23,12664.66,20000,never above limit
8185822588605701,537.95,10096.77,11005.16,7591.43,12000,never above limit
8186338691607752,224.18,6073.05,5638.07,8077.95,10000,never above limit
8197260029891556,114.46,4746.66,2849.0,3788.63,9000,never above limit
8221913653327075,365.83,21669.38,23198.06,23041.53,25000,never above limit
8236301184896933,27.09,8585.03,6749.19,5722.99,10000,never above limit
8239191573771235,585.25,15711.05,15818.75,18230.15,21000,never above limit
8246842555809242,142.65,9226.75,7332.25,6355.08,14000,never above limit
8259854075192493,535.8,9972.12,7227.73,9547.86,10000,never above limit
8290434690016513,298.4,8565.49,7230.16,8497.55,14000,never above limit
8295403590944723,1293.38,12090.37,11643.58,11157.66,16000,never above limit
8308288662905313,581.85,14605.73,14110.03,14815.29,16000,never above limit
8311886363156679,0.0,2380.33,1912.49,760.84,4000,never above limit
8319213328536757,187.29,12810.08,8762.35,7657.26,20000,never above limit
8320217550615334,71.52,4451.71,5587.65,4245.63,8000,never above limit
8325153881531522,315.69,18320.63,17553.84,18104.63,20000,never above limit
8334770465025305,273.01,11915.81,12012.98,8097.34,15000,never above limit
8338845492364614,317.81,9178.57,14056.43,8460.02,16000,never above limit
8353267890887335,249.71,8527.79,7462.77,8314.14,10000,never above limit
8359628052869851,148.08,2755.3,3388.6,2275.05,10000,never above limit
8364327933036701,581.88,13092.56,14393.82,10679.8,18000,never above limit
8400351495711483,1059.93,6127.24,3753.47,5470.69,8000,never above limit
8409627988583176,178.19,5733.28,4243.74,4569.23,8000,never above limit
8413908390816172,497.31,23527.72,22022.25,22050.53,24000,never above limit
8414741953111383,386.38,14447.33,15323.24,13407.61,18000,never above limit
8415836921156758,211.53,17557.07,15942.7,13944.22,21000,never above limit
8449977471766380,479.51,6284.06,7814.51,6246.7,10000,never above limit
8450891535792894,0.0,987.89,242.65,104.38,7000,never above limit
8505335594767160,749.92,27706.56,20629.94,23983.05,30000,never above limit
8516934048339373,0.0,600.24,1136.88,378.02,5000,never above limit
8526940090693523,0.0,572.16,449.13,376.81,9000,never above limit
8533111210766809,245.93,7499.21,9471.84,10778.28,12000,never above limit
8534199181434464,1546.08,18937.47,18162.76,15881.85,20000,never above limit
8535612911733195,272.03,13353.55,13783.12,10965.23,16000,never above limit
8536914250563809,319.8,9896.86,9977.08,8555.35,14000,never above limit
8540644680323289,0.0,4573.24,3087.84,5429.45,8000,never above limit
8550977182819809,179.14,8218.41,10103.4,6925.05,20000,never above limit
8553746017036332,45.56,4210.53,4469.47,3282.13,6000,never above limit
8561516016778095,146.47,6918.24,7459.5,6084.2,10000,never above limit
8567390858674031,54.26,778.06,1536.28,1161.97,2000,never above limit
8569454397966652,109.87,12173.34,12711.69,12128.25,16000,never above limit
8571851067025602,851.0,19893.76,22858.85,19248.72,30000,never above limit
8595793418524025,562.94,11421.26,13631.97,9448.47,14000,never above limit
8596603091812656,120.13,4480.7,1612.65,1672.42,5000,never above limit
8618599746674974,1252.8,8442.98,8838.32,10490.28,20000,never above limit
8625961993043126,157.81,4678.92,6229.98,4539.32,10000,never above limit
8675614747234783,351.43,8114.47,9083.29,9784.02,10000,never above limit
8699513399693713,956.57,7351.69,2699.5,4313.72,9000,never above limit
8702495698901225,1091.35,28095.49,23290.93,23281.25,30000,never above limit
8707235956924043,0.0,4049.66,3598.41,3774.76,10000,never above limit
8736638781823948,109.21,4998.69,2033.38,2059.59,5000,never above limit
8746120498341854,665.7,9016.4,9374.87,9423.79,18000,never above limit
8765140629962839,1549.08,20438.65,23355.1,18285.42,27000,never above limit
8774466977695404,0.0,1772.61,2672.39,1202.03,4000,never above limit
8779597037686839,153.29,3744.75,4305.37,4003.15,10000,never above limit
8822567299944562,57.75,6165.92,2476.92,3581.48,10000,never above limit
8864950135729370,135.2,1482.68,1992.03,1528.18,3000,never above limit
8867710239543529,28.24,3162.73,1152.96,2960.44,6000,never above limit
8886885444601763,911.3,735.94,699.19,902.56,10000,never above limit
8889611665372298,0.0,2891.3,1345.21,2039.03,4000,never above limit
8894346622126012,0.0,488.13,366.96,326.15,5000,never above limit
8924903425751823,290.51,4001.43,1475.16,2875.88,10000,never above limit
8930627115152996,692.01,12523.31,8752.72,15952.83,20000,never above limit
8938296722055540,1780.13,29429.18,34657.16,27793.91,36000,never above limit
8955392958618753,857.13,15283.02,11797.59,14048.01,20000,never above limit
8990491830039318,0.0,277.53,1236.6,224.39,4000,never above limit
8997872842487770,304.15,10094.18,12643.99,10716.24,16000,never above limit
9021391556427712,1107.95,5458.1,6879.19,4089.98,8000,never above limit
9031216392913950,70.61,1351.8,4304.47,2744.8,9000,never above limit
9043793084665932,39.87,15029.95,17230.37,16653.62,20000,never above limit
9066991493609928,566.71,12755.22,7901.24,10923.14,15000,never above limit
9074496478473876,10.8,119.84,629.13,1446.24,7000,never above limit
9076783251687962,0.0,2922.6,4377.73,3692.3,6000,never above limit
9081330229975376,110.07,2789.56,2491.51,4588.47,5000,never above limit
9101701756819166,53.44,919.4,440.55,786.02,10000,never above limit
9119845117528812,350.75,13021.88,12635.58,12455.8,15000,never above limit
9182297359077336,0.0,973.15,826.76,537.06,2000,never above limit
9194498820553808,866.57,24765.38,28172.37,27607.51,36000,never above limit
9224205015351942,113.38,2496.4,3079.21,4329.64,6000,never above limit
9232624030914708,15.41,327.09,226.6,183.22,10000,never above limit
9245298182395396,915.18,18807.9,21519.87,19242.07,28000,never above limit
9246395935309352,657.45,18880.62,20807.43,16006.45,30000,never above limit
9254188841656040,0.0,1358.41,1732.2,851.98,3000,never above limit
9256164582502904,91.24,3888.6,4196.49,4350.53,7000,never above limit
9258505119361784,0.0,89.57,0.0,86.73,8000,never above limit
9264972320343248,405.29,10399.67,12901.72,9848.41,14000,never above limit
9271294569681900,0.0,2261.9,3472.59,4676.17,8000,never above limit
9273979691375096,163.17,8214.41,7560.45,9015.77,12000,never above limit
9304374049217870,1227.37,6724.54,7078.2,9864.81,14000,never above limit
9309465343004132,297.72,18628.1,14661.97,14656.74,21000,never above limit
9310902645401474,406.2,11227.3,13287.45,12700.43,20000,never above limit
9311226148341480,395.87,7965.84,9889.39,10432.59,12000,never above limit
9336370388304846,0.0,3724.54,5335.33,6556.09,8000,never above limit
9355177312625020,1182.75,7637.86,6470.91,6281.73,14000,never above limit
9375103964985968,866.58,14456.28,15878.66,14634.12,16000,never above limit
9383760568579492,407.23,16813.74,14447.69,17561.6,20000,never above limit
9389953638589188,0.0,3975.79,1187.68,1179.55,4000,never above limit
9397534897596052,90.31,6860.06,6549.51,4828.01,10000,never above limit
9426548622589628,376.15,5893.17,4300.21,4164.55,6000,never above limit
9430574789596024,491.95,16947.15,15210.76,14412.0,20000,never above limit
9449500138776236,416.74,15057.82,8339.34,11129.77,20000,never above limit
9459985559411130,836.0,15091.98,16735.51,14192.55,20000,never above limit
9460261785948036,484.17,2991.26,4068.59,4204.25,9000,never above limit
9465925894275276,536.72,10028.48,11513.95,8854.87,15000,never above limit
9466839319443564,188.68,458.92,522.0,580.0,10000,never above limit
9472892860209244,116.39,5619.5,5001.22,5640.87,7000,never above limit
9474570595942268,222.79,12826.64,12885.63,9976.99,14000,never above limit
9492326065816276,691.4,12634.0,11559.4,10484.74,20000,never above limit
9528285469413252,797.23,28249.28,26220.6,32080.76,40000,never above limit
9532228141038472,248.34,8223.55,8329.83,7733.01,9000,never above limit
9547718659524868,62.84,8263.63,4347.01,5445.09,9000,never above limit
9548629685194612,83.95,1495.03,1626.44,2311.82,7000,never above limit
9552288592156524,1342.73,21092.11,18039.99,16921.49,30000,never above limit
9560420950294884,912.0,18008.28,18176.4,18084.02,21000,never above limit
9587972953044328,126.09,3665.53,3338.06,3323.67,8000,never above limit
9591503562024072,1104.79,16328.86,14219.26,11564.29,18000,never above limit
9594995194184360,263.03,12109.45,9725.45,11802.73,20000,never above limit
9595658147867468,209.73,3816.64,4573.96,4526.38,8000,never above limit
9613939883867952,198.73,3735.42,4146.65,3962.7,10000,never above limit
9617911327709708,749.04,19034.51,21083.0,19798.67,27000,never above limit
9621317412072412,361.16,12239.06,13195.22,12285.89,16000,never above limit
9635686158177722,0.0,1702.38,1622.45,2448.41,8000,never above limit
9644781126679504,356.37,8238.76,9654.69,7429.95,10000,never above limit
9657365357231404,0.0,533.66,565.64,279.89,5000,never above limit
9678367852258782,65.7,4218.99,6357.38,3844.32,12000,never above limit
9681744051023898,475.11,22684.7,21722.38,17969.51,24000,never above limit
9683778679967012,103.38,4704.15,2475.79,3751.5,6000,never above limit
9697976691448340,79.94,6250.66,3515.83,4310.44,12000,never above limit
9698400826549648,0.0,2206.56,2617.22,1133.32,5000,never above limit
9711468735134956,699.23,29241.07,30634.57,28249.16,32000,never above limit
9722420012449776,263.79,2791.66,5919.34,5190.33,6000,never above limit
9750493074217554,1431.81,11254.76,11836.9,11228.1,15000,never above limit
9755306333757844,241.25,5678.25,7257.72,7021.62,10000,never above limit
9757152469896436,586.69,23981.14,21211.77,18262.57,24000,never above limit
9758203643408520,244.32,4810.83,5054.41,6563.39,12000,never above limit
9784236961027780,75.05,3663.53,4600.18,5468.8,7000,never above limit
9791737612737164,179.04,6256.77,4561.04,2924.55,8000,never above limit
9802875887295518,0.0,3407.71,1998.31,2034.55,10000,never above limit
9804141847583936,301.04,8268.11,12705.27,10253.53,16000,never above limit
9816797152028230,83.89,6029.32,3326.98,4618.87,8000,never above limit
9818730572429186,40.98,5911.3,2738.37,3693.74,6000,never above limit
9836548369808504,234.84,9099.81,11102.27,11837.5,20000,never above limit
9837774113787236,649.08,19687.73,15973.21,14301.5,20000,never above limit
9851955447362962,101.09,5114.34,2849.79,3725.79,8000,never above limit
9854872265114976,1142.88,18956.05,16685.91,16491.02,20000,never above limit
9855217884613002,437.9,8206.0,7443.08,7902.79,14000,never above limit
9867492085978660,930.26,1163.26,2351.71,1413.71,3000,never above limit
9884182241594028,0.0,5819.6,5596.92,4310.41,8000,never above limit
9938969980242308,556.24,16538.66,13348.56,15231.45,20000,never above limit
9946917923319410,473.75,13023.85,11588.23,10174.1,15000,never above limit
9958678964376192,59.22,5960.35,5829.17,5623.22,10000,never above limit
9961694231875562,484.06,4385.64,4259.73,5442.72,10000,never above limit
9981251982982618,338.12,13848.8,11862.07,12959.72,18000,never above limit
9986135779184360,293.42,10958.65,11468.31,11796.95,14000,never above limit
