company_id,day_num,employee_headcount
1,1,25
2,1,17
3,1,9
4,1,12
5,1,5
7,1,1
6,1,3
8,1,6
9,1,3
1,2,27
3,2,10
2,2,19
4,3,13
1,3,29
5,3,6
3,3,12
3,8,19
7,8,7
9,8,6
6,8,10
10,8,1
8,8,11
4,8,18
2,8,31
5,8,13
1,8,59
3,9,20
6,9,11
9,9,7
1,9,66
4,9,19
2,9,33
10,10,2
1,10,67
8,10,12
2,10,35
2,11,36
5,15,17
10,15,5
1,15,99
8,15,13
3,15,25
7,15,12
2,15,55
4,15,25
6,15,15
9,15,10
9,16,11
1,16,102
2,16,57
3,16,26
5,16,18
1,17,104
2,17,58
5,18,20
2,22,72
3,22,37
6,22,21
1,22,129
5,22,35
10,22,8
8,22,21
9,22,13
7,22,14
4,22,28
7,23,16
6,23,22
2,23,74
3,23,38
8,23,22
1,23,130
7,24,19
1,24,132
2,30,87
6,30,25
9,30,18
11,30,1
5,30,40
3,30,48
8,30,30
10,30,10
1,30,156
4,30,34
7,30,20
1,31,159
3,31,49
3,32,51
2,32,88
1,36,178
3,36,57
4,36,37
7,36,23
10,36,13
2,36,97
5,36,42
6,36,31
8,36,35
9,36,21
5,37,44
3,37,58
9,37,22
2,37,99
6,37,33
6,38,34
8,38,36
1,38,181
4,38,38
2,38,101
9,38,23
1,39,182
3,43,67
5,43,54
4,43,41
8,43,38
9,43,24
7,43,26
2,43,117
10,43,15
1,43,210
6,43,37
2,44,118
3,44,68
8,45,39
4,45,42
6,45,38
1,45,211
2,45,121
3,45,69
1,46,212
5,46,55
8,50,45
1,50,231
9,50,27
4,50,47
12,50,1
10,50,18
2,50,134
6,50,46
5,50,65
3,50,83
6,51,47
2,51,138
1,51,234
4,51,48
3,51,84
1,52,236
4,52,49
3,52,86
5,52,66
1,53,237
8,57,47
3,57,97
6,57,51
2,57,151
10,57,21
9,57,32
7,57,28
5,57,70
1,57,268
4,57,55
6,58,52
4,58,56
7,58,29
5,58,71
9,58,33
1,58,270
2,58,152
1,59,272
6,59,53
8,59,48
9,59,34
3,60,98
2,64,159
5,64,73
9,64,38
6,64,54
8,64,50
3,64,108
10,64,24
1,64,301
7,64,33
4,64,62
10,65,25
4,65,64
2,65,162
3,65,109
1,65,305
6,65,55
7,65,34
2,66,164
3,66,110
5,66,74
8,68,51
5,71,78
10,71,29
6,71,61
8,71,53
7,71,39
9,71,45
4,71,68
1,71,333
2,71,174
3,71,115
2,72,175
7,72,40
5,72,79
1,72,337
10,72,30
4,72,69
3,72,117
7,73,41
5,73,80
1,73,340
10,74,31
7,78,47
8,78,59
9,78,48
4,78,81
10,78,33
2,78,187
1,78,372
3,78,127
5,78,88
3,79,129
5,79,89
1,79,373
10,79,34
4,79,82
5,80,90
2,80,188
10,80,35
8,80,60
7,80,48
1,81,375
8,85,65
10,85,37
7,85,51
4,85,90
2,85,197
9,85,51
5,85,92
6,85,66
3,85,137
1,85,402
2,86,198
3,86,139
1,86,405
7,87,52
5,87,93
3,87,140
3,88,141
6,88,67
2,88,199
1,88,406
6,92,71
1,92,435
8,92,67
9,92,56
5,92,98
4,92,94
7,92,57
3,92,148
2,92,218
1,93,438
8,93,68
7,93,58
3,93,151
5,94,99
1,94,442
1,95,444
5,95,100
2,99,225
10,99,40
3,99,159
7,99,65
8,99,71
9,99,61
4,99,97
5,99,104
6,99,76
1,99,469
7,100,66
5,100,107
8,100,72
1,100,472
3,100,160
2,100,227
2,101,229
3,101,163
6,101,77
1,102,475
8,106,73
2,106,237
3,106,174
7,106,69
10,106,43
1,106,508
6,106,80
5,106,109
9,106,63
4,106,101
1,107,509
2,107,240
6,107,81
4,107,102
1,108,514
2,108,242
6,108,83
3,108,175
4,109,103
3,109,176
1,109,515
9,113,65
6,113,89
2,113,256
7,113,73
10,113,47
3,113,180
12,113,2
4,113,110
8,113,75
5,113,114
1,113,546
2,114,257
9,114,66
8,114,76
6,114,90
1,114,547
1,115,551
6,115,91
5,115,115
7,115,74
1,116,552
10,120,50
3,120,190
6,120,96
8,120,81
4,120,121
7,120,77
5,120,122
9,120,71
2,120,273
1,120,584
5,121,124
2,121,275
3,121,191
6,121,97
10,121,51
7,121,78
1,121,585
2,122,276
4,122,122
3,122,192
1,123,586
6,128,100
8,128,84
4,128,130
2,128,290
1,128,617
5,128,129
9,128,73
7,128,85
3,128,202
10,128,54
3,129,204
1,129,620
2,129,291
6,129,101
5,129,132
2,130,292
7,134,89
1,134,648
2,134,310
6,134,103
3,134,219
10,134,55
5,134,140
12,134,3
4,134,137
9,134,78
8,134,88
2,135,311
9,135,79
1,135,653
1,136,657
2,136,312
5,136,142
1,137,658
2,137,313
7,141,90
1,141,687
8,141,89
9,141,82
6,141,108
3,141,227
5,141,150
10,141,58
4,141,143
2,141,328
5,142,151
1,142,689
7,142,91
10,142,59
2,142,330
4,143,145
6,143,109
3,143,229
2,143,332
1,143,690
7,144,92
2,144,333
5,148,154
9,148,83
2,148,344
7,148,98
4,148,156
10,148,63
3,148,237
6,148,114
12,148,4
1,148,719
8,148,93
3,149,238
2,149,348
1,149,723
6,150,115
1,150,724
7,150,99
2,150,349
7,151,100
1,151,726
5,155,166
7,155,103
6,155,122
4,155,161
2,155,358
10,155,66
3,155,242
1,155,748
8,155,96
9,155,86
5,156,169
1,156,753
2,156,360
6,156,123
3,156,245
4,156,163
1,157,754
5,157,170
2,157,361
7,157,104
9,158,87
1,158,756
2,158,362
9,163,91
10,163,69
1,163,780
5,163,174
3,163,249
7,163,112
2,163,370
8,163,100
6,163,125
4,163,171
6,164,126
1,164,781
4,164,172
9,165,93
3,165,250
1,165,782
3,169,263
7,169,113
10,169,74
4,169,180
1,169,807
5,169,176
9,169,95
6,169,128
8,169,105
2,169,390
2,170,392
4,170,182
7,170,114
3,170,264
1,170,809
1,171,811
7,171,116
7,172,117
1,172,812
7,173,118
7,176,121
10,176,80
9,176,99
4,176,189
6,176,130
8,176,109
5,176,182
1,176,843
3,176,272
2,176,405
1,177,847
6,177,131
2,177,406
9,178,100
6,178,132
1,178,849
2,178,407
5,178,183
3,179,273
1,179,851
4,183,191
3,183,278
10,183,81
2,183,419
6,183,136
9,183,101
7,183,125
5,183,192
1,183,872
8,183,112
7,184,126
2,184,422
4,184,193
1,184,877
10,184,82
6,185,137
5,185,194
5,186,195
9,190,106
3,190,284
7,190,129
4,190,202
2,190,429
5,190,202
8,190,114
6,190,140
1,190,914
10,190,85
2,191,430
5,191,204
3,191,286
8,191,115
1,191,917
4,191,204
7,192,130
1,192,919
5,192,206
2,192,431
3,193,287
1,193,920
10,193,86
10,197,88
3,197,295
8,197,117
1,197,951
2,197,446
4,197,214
5,197,215
9,197,109
6,197,144
7,197,131
9,198,112
1,198,955
3,198,296
2,198,448
1,199,957
10,199,89
1,200,958
3,204,305
10,204,92
8,204,120
4,204,217
5,204,220
2,204,463
7,204,134
1,204,992
9,204,115
6,204,149
10,205,93
5,205,221
3,205,307
6,205,151
2,205,464
1,206,995
3,206,309
5,206,222
2,206,465
7,206,135
8,206,121
6,207,152
8,211,125
6,211,155
9,211,118
2,211,477
5,211,228
7,211,142
4,211,223
3,211,318
1,211,1023
10,211,97
8,212,127
4,212,224
1,212,1027
6,212,156
7,212,143
3,212,320
4,213,225
2,213,478
8,213,128
1,213,1030
5,214,229
4,214,226
5,218,236
4,218,234
10,218,100
7,218,148
1,218,1064
9,218,122
3,218,335
2,218,499
8,218,131
6,218,160
3,219,336
1,219,1066
4,219,236
1,220,1067
4,221,237
9,226,129
5,226,241
3,226,346
7,226,154
1,226,1097
4,226,247
8,226,135
2,226,510
6,226,166
10,226,104
4,227,248
8,227,136
3,227,347
2,228,511
3,228,348
1,228,1098
4,228,249
5,232,246
1,232,1125
8,232,142
3,232,355
7,232,159
2,232,526
4,232,255
6,232,173
10,232,106
9,232,131
5,233,248
2,233,528
9,233,132
7,233,160
4,233,257
1,233,1128
1,234,1129
2,234,529
8,234,143
4,234,258
10,234,107
1,235,1131
2,235,530
7,239,164
10,239,109
5,239,260
3,239,362
2,239,547
1,239,1164
6,239,177
4,239,263
9,239,134
8,239,148
9,240,135
1,240,1165
8,240,149
1,241,1167
10,241,110
6,241,179
6,242,180
2,242,548
7,246,166
9,246,136
2,246,566
5,246,265
3,246,373
4,246,271
1,246,1192
10,246,113
6,246,183
5,247,266
3,247,375
2,247,567
1,247,1196
4,247,272
6,247,185
1,248,1197
4,248,274
7,248,167
2,248,568
10,248,114
1,249,1198
6,249,186
3,249,376
6,253,192
8,253,153
2,253,581
3,253,384
10,253,117
7,253,169
5,253,272
1,253,1226
9,253,141
4,253,283
3,254,387
1,254,1229
8,254,154
2,254,584
6,254,193
6,255,194
1,255,1230
3,255,388
2,255,585
3,256,389
7,260,177
10,260,120
8,260,156
6,260,199
1,260,1266
5,260,278
4,260,298
3,260,398
2,260,597
9,260,143
9,261,144
4,261,301
7,261,178
2,261,598
1,261,1268
5,261,279
2,262,599
1,262,1269
6,262,200
4,262,303
2,263,600
1,263,1270
6,263,199
12,263,5
4,263,305
10,264,119
8,267,163
4,267,311
6,267,205
3,267,407
10,267,123
2,267,615
1,267,1299
5,267,286
9,267,146
7,267,184
2,268,619
7,268,185
10,268,124
8,268,166
3,268,408
1,268,1304
6,268,206
9,268,147
7,269,186
1,269,1306
2,269,621
4,270,312
2,270,622
1,271,1305
2,274,640
5,274,289
7,274,189
10,274,126
8,274,171
9,274,152
6,274,212
3,274,423
4,274,317
1,274,1326
1,275,1329
6,275,213
3,275,424
5,275,291
1,276,1331
9,276,153
3,276,425
2,276,643
2,277,644
4,278,316
3,281,434
8,281,177
6,281,224
4,281,326
11,281,2
5,281,297
7,281,194
9,281,157
10,281,131
1,281,1353
2,281,656
1,282,1358
1,283,1362
1,284,1363
2,284,657
7,288,195
9,288,158
6,288,227
3,288,444
4,288,334
2,288,670
5,288,299
1,288,1397
8,288,179
9,289,160
1,289,1398
7,289,198
3,289,445
2,290,671
1,290,1399
3,290,448
6,290,228
3,291,451
2,291,672
1,291,1401
1,292,1400
2,295,682
3,295,457
4,295,343
7,295,199
5,295,306
10,295,134
6,295,232
9,295,164
1,295,1426
8,295,185
2,296,683
10,296,135
3,296,458
5,296,308
1,296,1429
2,297,684
9,297,165
1,297,1430
1,298,1431
5,298,309
2,298,686
5,302,314
6,302,236
4,302,347
8,302,187
2,302,710
9,302,167
1,302,1449
3,302,472
7,302,203
10,302,139
4,303,349
10,303,140
7,303,204
3,303,474
1,303,1449
2,303,712
9,303,168
1,304,1451
7,304,205
3,304,475
6,304,238
9,304,169
2,306,712
5,306,315
6,306,239
1,306,1450
8,309,191
5,309,319
10,309,142
7,309,210
6,309,243
1,309,1494
4,309,356
9,309,170
2,309,731
3,309,484
4,310,358
2,310,735
1,310,1495
8,310,192
5,310,320
10,310,143
7,311,211
10,311,144
1,311,1496
3,311,485
1,312,1497
2,312,736
7,312,212
6,313,242
8,313,191
5,316,325
6,316,247
7,316,214
10,316,148
9,316,171
4,316,363
1,316,1517
2,316,752
3,316,496
7,317,215
5,317,326
6,317,248
1,317,1521
3,317,497
2,317,753
2,318,755
1,318,1522
4,318,365
1,319,1523
3,319,500
1,320,1522
8,320,190
4,320,364
1,323,1542
4,323,371
8,323,197
6,323,251
9,323,172
5,323,330
2,323,766
3,323,508
7,323,222
3,324,509
10,324,149
1,324,1543
2,324,767
6,325,253
1,325,1546
2,325,768
1,326,1547
2,327,766
5,327,329
8,327,196
4,327,368
1,327,1546
6,330,257
9,330,175
7,330,225
4,330,375
2,330,776
3,330,519
8,330,200
5,330,334
10,330,152
1,330,1572
4,331,376
3,331,521
5,331,336
10,331,153
1,331,1574
1,332,1575
5,332,339
1,333,1576
5,333,340
10,334,152
3,334,520
8,334,198
6,334,256
1,334,1574
7,334,224
9,338,178
4,338,388
5,338,348
2,338,793
3,338,530
1,338,1595
8,338,201
6,338,263
7,338,228
11,338,3
10,338,157
8,339,202
9,339,179
1,339,1596
10,340,158
2,340,794
1,340,1597
2,341,793
3,341,529
1,341,1593
4,341,387
3,345,540
7,345,232
10,345,164
2,345,808
9,345,187
1,345,1632
8,345,207
4,345,394
6,345,266
5,345,352
1,346,1634
4,346,395
8,346,208
10,347,165
1,347,1634
2,348,804
1,348,1629
8,348,207
5,348,349
4,348,393
7,348,231
6,351,269
4,351,401
2,351,815
1,351,1654
5,351,355
3,351,549
10,351,169
8,351,208
7,351,239
9,351,192
3,352,551
5,352,356
2,352,816
8,352,209
4,352,404
1,352,1655
1,353,1657
4,353,405
7,353,241
1,354,1659
3,354,552
5,354,357
1,355,1654
4,355,403
2,355,811
8,355,208
9,355,191
7,355,240
3,355,550
8,359,213
9,359,194
10,359,173
1,359,1685
2,359,829
6,359,272
4,359,412
5,359,362
7,359,246
3,359,563
1,360,1687
2,360,828
10,360,174
9,360,195
4,360,413
7,361,247
4,361,415
1,361,1688
1,362,1681
6,362,271
2,362,826
3,362,562
4,362,414
7,362,245
5,365,369
10,365,175
9,365,198
7,365,249
8,365,216
2,365,846
4,365,426
3,365,572
6,365,275
1,365,1706
1,366,1709
8,366,217
9,366,199
2,366,850
1,367,1712
7,367,250
4,367,427
5,367,370
1,368,1714
6,368,276
5,369,369
6,369,275
1,369,1708
3,369,566
2,369,847
9,369,198
7,369,248
8,372,218
1,372,1738
9,372,200
4,372,431
2,372,867
6,372,277
7,372,251
5,372,376
3,372,578
10,372,176
1,373,1744
3,373,579
4,373,432
2,373,869
7,373,252
3,374,580
6,374,278
4,374,433
7,375,253
1,375,1745
2,375,868
9,376,198
7,376,252
5,376,373
4,376,432
1,376,1739
3,376,578
6,376,277
7,379,254
4,379,438
10,379,179
2,379,887
3,379,585
8,379,221
5,379,378
1,379,1763
5,380,379
1,380,1768
3,380,586
2,380,886
4,380,439
3,381,587
10,381,180
4,382,440
1,382,1769
5,382,380
10,383,179
1,383,1762
3,383,583
9,383,197
4,383,438
2,383,879
6,383,276
8,386,226
2,386,893
3,386,593
9,386,201
1,386,1792
6,386,285
7,386,255
5,386,385
4,386,446
10,386,181
6,387,286
2,387,894
4,387,447
1,387,1795
3,387,594
10,387,182
9,388,202
4,388,448
6,388,287
1,388,1799
3,388,595
3,389,596
2,389,895
7,389,256
5,389,386
4,390,447
3,390,593
1,390,1793
2,390,894
5,390,383
9,390,201
9,394,204
5,394,392
6,394,292
7,394,260
3,394,603
10,394,184
4,394,451
1,394,1826
8,394,228
2,394,910
1,395,1828
4,395,452
8,395,229
3,395,604
5,395,396
2,395,911
4,396,453
8,396,230
3,396,605
1,396,1830
1,397,1823
2,397,908
6,397,289
8,397,227
4,397,451
3,397,602
5,397,393
12,397,4
5,400,400
6,400,296
3,400,615
7,400,262
9,400,208
1,400,1844
2,400,922
8,400,231
10,400,186
4,400,461
3,401,616
1,401,1847
7,401,263
2,401,925
8,401,233
1,402,1848
2,402,926
5,402,401
3,402,617
5,403,402
3,403,618
10,403,187
1,403,1849
3,404,611
7,404,260
1,404,1842
5,404,399
8,404,229
4,404,460
10,404,186
6,404,294
4,407,473
10,407,191
3,407,619
2,407,935
5,407,406
6,407,296
8,407,230
1,407,1864
9,407,210
7,407,265
3,408,620
7,408,266
9,408,211
2,408,936
8,408,230
1,408,1866
1,409,1866
2,409,937
5,409,407
4,409,474
7,410,267
3,410,618
4,410,476
1,410,1865
6,411,292
8,411,229
9,411,209
3,411,616
2,411,933
4,411,474
5,411,405
10,411,189
1,411,1852
5,414,414
9,414,213
6,414,297
2,414,946
7,414,270
4,414,477
12,414,5
1,414,1878
10,414,194
3,414,623
8,414,234
3,415,625
5,415,415
1,415,1879
4,416,478
2,416,947
3,416,627
1,416,1882
8,416,235
1,417,1882
5,417,416
6,418,296
8,418,233
1,418,1870
9,418,212
7,418,269
2,418,945
5,418,413
3,418,623
4,418,476
8,421,234
2,421,960
3,421,636
7,421,272
4,421,480
1,421,1889
5,421,417
10,421,197
6,421,301
9,421,217
2,422,961
3,422,637
7,422,273
4,422,481
1,422,1890
5,422,418
6,423,302
1,423,1893
3,423,639
1,424,1892
2,424,962
1,425,1882
4,425,477
6,425,300
8,425,232
2,425,959
7,425,272
10,425,195
3,428,651
1,428,1918
8,428,234
6,428,303
9,428,222
7,428,278
5,428,426
4,428,484
2,428,980
10,428,196
11,428,4
4,429,485
2,429,981
3,429,653
1,429,1921
9,429,223
1,430,1924
6,431,304
1,432,1914
6,432,300
5,432,423
2,432,978
9,432,220
4,432,483
3,432,646
7,432,275
10,432,193
10,435,197
3,435,656
9,435,222
1,435,1947
2,435,994
6,435,304
7,435,283
5,435,426
8,435,236
4,435,487
8,436,237
2,436,996
6,436,305
5,436,427
1,436,1950
10,436,198
3,436,655
10,437,197
3,437,658
1,437,1952
7,437,285
5,437,428
2,437,998
5,438,429
1,438,1954
3,442,668
1,442,1969
4,442,491
10,442,199
7,442,285
8,442,241
2,442,1009
5,442,433
9,442,223
6,442,307
8,443,242
1,443,1971
7,443,284
2,443,1010
6,443,308
2,444,1011
1,444,1972
4,444,493
11,444,5
1,445,1973
10,446,198
4,446,489
7,446,281
1,446,1962
3,446,665
5,446,430
8,446,241
2,446,1010
6,446,306
1,449,1981
3,449,672
4,449,494
6,449,309
9,449,229
5,449,434
2,449,1025
8,449,243
7,449,285
10,449,204
1,450,1986
9,450,230
3,450,675
2,450,1026
8,450,242
9,451,231
1,452,1986
5,453,433
6,453,307
7,453,284
1,453,1975
2,453,1021
3,453,669
4,453,490
9,453,229
9,456,234
8,456,247
7,456,287
1,456,1992
4,456,496
5,456,441
2,456,1044
3,456,680
10,456,209
6,456,314
4,457,497
1,457,1994
7,457,288
2,457,1047
3,457,681
4,458,498
2,458,1048
1,458,1996
3,459,680
2,459,1048
4,459,499
5,460,439
2,460,1046
7,460,285
1,460,1985
6,460,309
3,460,678
9,460,232
8,460,242
8,463,244
4,463,502
1,463,2024
3,463,691
5,463,446
7,463,289
9,463,238
2,463,1064
6,463,315
4,464,503
3,464,692
1,464,2030
9,464,238
5,465,447
9,465,237
1,465,2032
2,465,1065
7,465,288
7,466,290
4,466,502
5,466,448
6,466,316
1,466,2033
2,466,1064
12,467,4
7,467,289
6,467,314
8,467,241
9,467,236
2,467,1058
1,467,2024
3,467,690
5,467,447
6,470,318
7,470,295
9,470,239
1,470,2058
3,470,697
8,470,242
10,470,212
2,470,1073
5,470,451
4,470,509
7,471,296
5,471,450
4,471,510
2,471,1074
3,471,698
1,471,2064
10,472,213
1,472,2065
7,472,298
1,473,2068
4,473,511
7,474,297
6,474,315
3,474,690
9,474,237
1,474,2056
5,474,447
4,474,507
2,474,1071
8,474,241
1,477,2086
3,477,703
10,477,216
6,477,323
2,477,1083
5,477,457
9,477,240
4,477,513
8,477,243
7,477,302
1,478,2088
2,478,1086
7,478,303
3,478,704
10,478,217
6,478,324
1,479,2089
3,479,705
8,479,244
5,479,458
9,479,239
4,479,514
2,479,1087
6,479,326
6,480,327
1,480,2090
5,481,456
6,481,326
10,481,214
3,481,701
2,481,1080
12,481,3
4,481,511
7,481,300
9,481,236
1,481,2082
9,484,239
7,484,305
8,484,247
5,484,469
1,484,2111
4,484,518
6,484,331
10,484,221
2,484,1090
3,484,710
1,485,2115
9,485,240
7,485,307
2,486,1091
5,486,471
1,486,2115
3,486,711
6,486,333
2,487,1090
7,488,305
1,488,2105
4,488,515
5,488,466
6,488,330
3,488,705
9,488,239
2,488,1086
6,492,335
8,492,255
7,492,313
9,492,247
2,492,1091
1,492,2133
3,492,714
10,492,223
4,492,524
5,492,477
2,493,1093
6,493,334
4,493,525
1,493,2137
7,494,312
6,494,336
2,494,1093
2,495,1089
1,495,2122
9,495,245
7,495,310
5,495,475
10,495,220
6,495,333
5,498,477
7,498,313
3,498,726
1,498,2160
9,498,248
6,498,337
2,498,1102
4,498,528
8,498,260
2,499,1103
1,499,2166
8,499,261
5,499,478
4,499,530
7,499,315
3,500,727
4,500,531
7,500,316
5,500,481
1,500,2167
2,501,1102
4,501,532
1,501,2169
3,502,724
1,502,2160
2,502,1096
5,502,480
6,502,335
10,502,218
9,502,244
7,502,315
8,502,260
8,505,263
4,505,538
2,505,1108
7,505,318
1,505,2192
3,505,731
9,505,247
10,505,220
6,505,337
5,505,481
2,506,1111
1,506,2194
5,506,482
9,506,248
6,507,336
1,507,2194
3,507,732
1,508,2194
7,508,319
3,508,733
4,509,536
9,509,246
5,509,479
8,509,261
1,509,2189
2,509,1106
7,509,318
3,509,731
1,512,2221
7,512,325
5,512,486
9,512,249
8,512,266
10,512,222
3,512,738
4,512,546
2,512,1125
11,512,6
6,512,338
1,513,2224
4,513,547
9,513,250
4,514,549
2,514,1126
8,514,267
9,514,251
7,515,327
6,516,337
1,516,2208
3,516,735
9,516,250
4,516,543
10,516,221
7,516,325
2,516,1122
4,519,549
1,519,2229
10,519,222
2,519,1138
3,519,745
7,519,327
6,519,340
5,519,491
2,520,1139
4,520,550
1,521,2234
7,521,328
5,521,492
4,521,552
3,521,746
1,522,2233
2,522,1138
5,522,491
5,523,489
1,523,2219
10,523,221
4,523,546
9,523,249
2,523,1132
3,523,739
8,523,266
10,526,224
6,526,344
2,526,1142
1,526,2256
7,526,332
12,526,4
3,526,754
5,526,494
9,526,252
4,526,558
2,527,1142
7,527,333
3,527,755
6,527,345
5,527,495
8,527,267
10,527,225
2,529,1144
3,529,756
10,529,226
5,529,496
1,529,2262
7,529,334
4,529,559
4,530,555
2,530,1140
5,530,495
3,530,752
7,530,333
8,530,266
1,530,2255
6,530,344
4,533,561
5,533,504
6,533,348
10,533,229
9,533,256
2,533,1154
1,533,2289
3,533,762
7,533,335
8,533,268
10,534,230
3,534,763
7,534,337
6,534,349
1,534,2291
2,534,1155
1,535,2291
3,535,764
2,535,1156
10,535,231
4,535,562
7,536,338
2,536,1157
8,536,269
4,537,554
1,537,2277
3,537,760
10,537,228
2,537,1151
5,537,502
7,537,335
8,537,268
6,537,348
9,537,254
8,540,272
5,540,504
6,540,352
4,540,559
3,540,768
2,540,1166
9,540,259
7,540,338
10,540,233
1,540,2300
3,541,769
1,541,2301
2,541,1167
5,541,505
4,542,560
1,543,2301
4,543,561
5,543,504
3,544,765
2,544,1157
1,544,2288
5,544,501
10,544,232
4,544,559
8,544,271
9,544,257
8,547,273
1,547,2315
2,547,1181
5,547,507
6,547,354
4,547,564
7,547,341
3,547,771
10,547,235
7,548,344
2,548,1182
3,548,772
1,548,2318
6,548,355
8,549,274
7,549,345
9,549,258
6,549,354
2,549,1184
1,550,2320
6,551,351
3,551,766
4,551,563
5,551,502
1,551,2306
10,551,234
8,551,273
9,551,257
2,551,1180
4,554,572
7,554,351
1,554,2335
2,554,1196
5,554,505
3,554,773
8,554,277
9,554,260
6,554,354
10,554,236
3,555,775
10,555,237
7,555,352
2,555,1199
6,555,353
1,555,2338
9,555,261
5,555,507
1,556,2341
3,556,776
4,556,573
2,557,1200
1,557,2342
7,558,349
9,558,260
5,558,505
4,558,571
2,558,1195
6,558,350
8,558,276
1,558,2328
3,558,772
8,561,279
2,561,1207
6,561,351
4,561,577
5,561,512
9,561,265
10,561,242
7,561,353
1,561,2355
3,561,785
2,562,1208
10,562,243
7,562,354
6,562,353
5,562,513
1,562,2357
4,562,578
4,563,579
8,563,280
2,564,1208
1,564,2361
5,564,512
6,565,352
4,565,572
3,565,776
10,565,240
2,565,1202
5,565,508
1,565,2354
11,568,7
7,568,360
3,568,780
6,568,355
10,568,242
2,568,1220
5,568,511
9,568,268
4,568,578
1,568,2389
3,569,781
5,569,512
1,569,2397
7,569,361
10,569,243
1,570,2398
6,570,356
2,570,1221
4,571,579
3,571,780
2,572,1214
3,572,775
4,572,576
5,572,510
1,572,2384
10,572,240
8,575,284
5,575,515
9,575,270
2,575,1231
7,575,362
3,575,784
4,575,582
10,575,243
1,575,2405
1,576,2409
6,576,358
3,576,788
1,577,2410
5,577,516
8,577,285
7,577,363
4,577,583
2,577,1233
9,577,271
3,577,789
9,578,270
1,578,2411
2,578,1236
8,579,284
7,579,362
10,579,240
4,579,580
6,579,356
2,579,1224
3,579,787
5,579,515
1,579,2407
7,582,368
6,582,359
4,582,588
10,582,243
9,582,272
5,582,521
3,582,796
2,582,1238
8,582,286
1,582,2430
1,583,2433
9,583,273
3,583,796
6,583,360
8,583,288
6,584,361
1,584,2435
3,584,795
2,584,1240
7,584,369
2,585,1242
6,585,362
1,585,2434
2,586,1239
5,586,516
1,586,2418
3,586,793
9,586,269
10,586,242
8,586,285
4,586,586
7,590,376
1,590,2438
9,590,272
5,590,523
8,590,292
10,590,243
2,590,1252
6,590,368
3,590,800
4,590,593
1,591,2439
6,591,370
1,592,2439
2,593,1243
1,593,2427
7,593,375
6,593,369
4,593,589
10,593,242
3,593,796
8,593,290
5,593,520
9,596,276
5,596,526
10,596,245
3,596,799
4,596,594
1,596,2457
8,596,295
7,596,379
6,596,373
2,596,1255
2,597,1257
1,597,2462
7,597,380
1,598,2464
5,598,527
1,599,2465
4,599,595
2,599,1255
3,600,796
10,600,243
7,600,378
5,600,526
1,600,2448
4,600,592
6,600,371
9,600,275
2,600,1251
5,603,534
3,603,803
7,603,382
10,603,247
8,603,298
6,603,374
9,603,278
2,603,1267
4,603,594
1,603,2473
1,604,2475
4,604,596
3,604,804
5,604,535
2,604,1269
4,605,597
1,605,2474
3,605,805
2,605,1270
10,605,248
4,606,596
2,606,1271
5,606,536
1,606,2475
3,607,802
4,607,590
2,607,1270
6,607,370
5,607,534
1,607,2467
10,607,247
8,607,297
7,607,378
10,610,248
6,610,375
2,610,1280
8,610,301
7,610,380
5,610,542
3,610,810
1,610,2489
9,610,279
4,610,592
1,611,2491
8,611,303
10,611,249
6,611,376
2,611,1282
7,611,379
5,611,544
4,611,593
3,611,811
1,612,2492
2,612,1284
6,612,377
8,613,302
1,613,2493
7,613,380
6,613,378
9,613,280
1,614,2478
6,614,374
8,614,301
3,614,807
4,614,590
7,614,379
2,614,1277
9,614,279
4,617,594
2,617,1283
8,617,302
3,617,814
6,617,378
10,617,253
5,617,553
1,617,2508
7,617,384
9,617,281
8,618,303
1,618,2509
2,618,1285
10,618,254
6,619,377
4,619,595
1,619,2513
2,619,1286
1,620,2515
2,620,1287
6,620,378
5,620,556
8,620,304
1,621,2508
3,621,811
5,621,554
4,621,592
7,621,381
10,621,252
6,621,376
9,621,278
10,624,255
1,624,2544
3,624,817
5,624,558
8,624,306
4,624,603
2,624,1303
6,624,382
9,624,282
7,624,385
1,625,2547
8,625,305
3,625,819
2,626,1304
8,626,307
3,626,820
7,626,385
9,626,283
1,626,2551
3,627,822
4,628,602
3,628,820
6,628,380
7,628,384
2,628,1296
8,628,297
1,628,2539
9,628,281
7,631,390
6,631,383
9,631,286
1,631,2571
3,631,831
5,631,566
8,631,303
2,631,1305
4,631,608
10,631,257
10,632,258
8,632,305
7,632,391
1,632,2574
2,632,1306
1,633,2576
7,633,392
2,633,1308
3,633,832
1,634,2576
9,634,285
10,634,257
3,634,831
3,635,826
7,635,390
2,635,1298
4,635,605
6,635,380
10,635,255
1,635,2565
5,635,561
8,635,304
2,638,1309
4,638,621
8,638,308
1,638,2583
5,638,563
9,638,287
10,638,256
6,638,384
7,638,397
3,638,837
8,639,309
5,639,565
7,639,398
2,639,1310
1,639,2590
9,639,288
2,640,1310
1,640,2592
6,640,385
1,641,2592
8,641,308
6,641,386
4,642,615
8,642,305
5,642,561
7,642,394
6,642,383
3,642,832
1,642,2580
2,642,1303
9,642,285
5,645,566
2,645,1316
3,645,838
6,645,384
4,645,625
10,645,258
7,645,400
1,645,2609
8,645,310
9,645,286
5,646,567
3,646,840
4,646,626
10,646,259
2,646,1319
1,646,2609
5,647,569
4,647,627
1,647,2613
6,647,385
10,648,260
1,648,2613
2,649,1314
5,649,566
10,649,258
3,649,835
9,649,284
4,649,620
6,649,382
7,649,396
8,649,309
1,649,2598
5,652,573
9,652,286
4,652,628
7,652,400
8,652,311
1,652,2624
6,652,387
10,652,259
2,652,1322
3,652,845
1,653,2630
9,653,287
4,653,630
8,653,312
2,653,1322
1,654,2632
2,654,1323
5,654,574
1,656,2614
7,656,396
3,656,837
2,656,1314
4,656,628
8,656,309
10,656,257
6,656,384
2,659,1324
4,659,632
7,659,405
5,659,580
9,659,291
1,659,2635
8,659,316
3,659,841
12,659,5
10,659,260
6,659,386
1,660,2639
9,660,292
4,660,631
7,660,406
2,660,1326
6,661,388
3,661,843
1,661,2643
2,661,1328
5,661,581
7,661,407
10,662,259
2,662,1330
6,662,389
5,663,580
1,663,2631
7,663,406
9,663,289
2,663,1325
4,663,624
3,663,838
8,663,313
6,663,388
10,666,260
5,666,583
1,666,2665
7,666,412
6,666,394
3,666,845
9,666,290
2,666,1334
4,666,631
8,666,317
10,667,261
1,667,2668
6,667,395
3,667,847
2,667,1335
9,668,289
2,668,1336
5,668,584
10,668,263
1,668,2673
2,670,1330
3,670,843
4,670,629
10,670,260
1,670,2662
9,670,288
6,670,392
5,670,582
8,670,316
8,673,321
12,673,6
2,673,1347
4,673,640
10,673,263
6,673,400
3,673,848
5,673,586
7,673,415
1,673,2693
9,673,292
3,674,849
2,674,1349
8,674,322
1,674,2695
4,674,641
6,675,401
10,675,264
7,675,416
1,675,2697
5,675,587
9,675,293
10,676,265
3,676,850
5,676,588
1,676,2700
4,677,640
2,677,1338
10,677,264
3,677,844
1,677,2683
7,677,415
5,677,584
8,677,320
1,680,2711
4,680,648
9,680,296
2,680,1353
8,680,321
6,680,406
7,680,416
5,680,589
3,680,852
2,681,1352
3,681,853
9,681,297
1,681,2712
3,682,854
1,682,2714
9,682,298
12,683,7
4,683,649
1,683,2713
2,684,1341
5,684,583
3,684,853
9,684,297
4,684,644
7,684,410
8,684,319
6,684,404
10,684,263
1,684,2701
11,684,6
9,687,298
4,687,649
10,687,267
5,687,584
8,687,322
6,687,411
2,687,1360
1,687,2726
3,687,869
4,688,650
9,688,299
1,688,2728
6,688,411
2,688,1361
3,689,870
6,689,411
1,689,2731
2,689,1362
3,690,869
2,690,1363
10,691,265
7,691,409
4,691,646
1,691,2722
9,691,294
5,691,582
3,691,867
8,691,321
2,691,1358
3,694,877
1,694,2741
8,694,325
4,694,652
6,694,416
7,694,412
2,694,1370
10,694,267
5,694,588
9,694,298
2,695,1372
1,695,2747
2,696,1373
7,696,411
8,696,326
1,696,2748
4,696,653
2,697,1372
3,697,878
10,697,268
1,697,2752
2,698,1366
5,698,585
1,698,2733
8,698,324
7,698,409
4,698,649
3,698,875
9,698,297
6,698,413
2,701,1380
4,701,658
3,701,884
8,701,327
5,701,589
7,701,411
1,701,2760
9,701,299
10,701,269
3,703,885
6,703,414
1,703,2768
2,703,1382
4,703,659
9,703,301
5,703,590
3,704,886
1,704,2770
8,704,326
4,705,654
2,705,1377
3,705,881
5,705,587
6,705,412
9,705,297
10,705,265
1,705,2761
8,705,323
1,708,2795
2,708,1392
10,708,268
7,708,419
4,708,660
5,708,595
9,708,301
8,708,327
6,708,415
3,708,890
2,710,1394
3,710,892
4,710,663
1,710,2797
5,710,597
6,710,417
7,710,421
9,711,300
2,711,1395
1,711,2799
1,712,2785
2,712,1389
7,712,420
8,712,324
10,712,266
3,712,888
4,712,658
5,712,595
6,712,415
7,715,426
4,715,670
6,715,417
9,715,305
3,715,897
2,715,1405
5,715,601
10,715,269
8,715,327
1,715,2817
4,716,671
1,716,2819
3,716,899
2,716,1405
4,717,670
2,717,1406
8,717,329
2,718,1405
1,718,2821
5,718,600
2,719,1394
4,719,667
10,719,267
8,719,328
5,719,595
3,719,895
1,719,2805
6,719,415
8,722,334
9,722,310
4,722,671
10,722,269
1,722,2832
3,722,902
6,722,418
2,722,1409
5,722,600
7,722,430
8,723,336
4,723,672
6,723,417
11,723,7
10,723,269
3,723,901
1,723,2835
2,723,1411
2,724,1410
4,724,671
1,724,2836
3,724,900
6,724,416
10,724,270
2,725,1409
1,725,2835
5,726,592
4,726,663
2,726,1400
6,726,414
10,726,269
3,726,892
1,726,2819
7,726,427
9,726,306
8,726,334
3,730,898
1,730,2854
7,730,431
5,730,598
6,730,421
9,730,311
4,730,667
2,730,1419
10,730,272
8,730,337
1,731,2854
5,731,596
10,731,271
4,731,666
2,731,1421
6,731,422
2,732,1420
1,732,2856
3,732,899
9,732,312
5,732,597
7,733,429
5,733,593
2,733,1411
9,733,309
1,733,2842
10,733,269
3,733,897
6,733,421
4,733,661
6,736,426
2,736,1428
9,736,313
3,736,901
8,736,338
5,736,596
4,736,670
1,736,2861
7,736,436
10,736,273
7,737,436
10,737,274
4,737,671
1,737,2865
1,738,2868
7,738,437
6,738,428
2,739,1427
3,739,901
1,739,2869
7,739,437
2,740,1419
4,740,664
1,740,2857
6,740,425
3,740,895
9,740,312
8,740,336
7,740,434
2,743,1430
5,743,599
4,743,670
1,743,2888
9,743,314
7,743,437
6,743,427
3,743,906
8,743,337
1,744,2890
5,744,600
6,744,428
2,744,1433
8,744,338
7,744,439
11,744,8
1,745,2892
3,745,907
7,745,440
8,745,339
2,745,1434
1,746,2891
2,746,1435
5,746,601
3,746,906
1,747,2877
5,747,597
8,747,337
6,747,424
9,747,312
7,747,438
2,747,1425
3,747,896
4,747,666
5,750,604
2,750,1443
4,750,674
9,750,316
1,750,2898
3,750,908
6,750,432
10,750,280
7,750,442
8,750,339
1,751,2903
2,751,1445
3,752,909
2,752,1446
9,752,317
1,752,2905
7,752,443
4,752,675
2,753,1448
9,753,318
3,754,907
8,754,333
9,754,315
6,754,431
1,754,2888
2,754,1441
10,754,276
4,754,670
5,754,597
2,758,1456
8,758,334
4,758,680
10,758,282
5,758,600
7,758,445
9,758,316
3,758,915
1,758,2909
6,758,440
2,759,1457
1,759,2911
5,759,601
2,760,1458
1,760,2912
8,760,335
4,761,678
3,761,905
10,761,281
8,761,334
1,761,2897
6,761,438
7,761,444
2,761,1449
5,761,595
7,764,448
9,764,318
4,764,686
1,764,2926
10,764,282
5,764,603
3,764,915
8,764,338
11,764,9
2,764,1461
6,764,444
6,765,446
3,765,916
1,765,2930
2,765,1460
10,765,284
5,765,604
4,766,688
2,767,1461
3,767,917
1,767,2932
10,767,285
3,768,906
5,768,595
2,768,1452
7,768,447
8,768,335
6,768,443
1,768,2914
10,768,283
4,768,683
11,771,10
12,771,8
3,771,912
4,771,692
9,771,320
7,771,450
10,771,284
5,771,603
8,771,339
1,771,2938
6,771,447
2,771,1468
2,772,1469
1,772,2943
10,772,285
7,772,451
10,773,286
3,773,911
7,773,452
2,773,1470
1,773,2944
1,774,2945
2,774,1469
8,775,337
10,775,283
1,775,2929
5,775,598
2,775,1461
6,775,442
9,775,314
7,775,451
3,775,903
4,775,688
2,778,1479
8,778,339
9,778,316
5,778,601
6,778,445
10,778,286
1,778,2955
12,778,9
7,778,454
3,778,910
4,778,697
10,779,287
2,779,1481
4,779,698
1,779,2959
3,779,911
5,779,600
2,780,1482
6,780,446
1,780,2961
3,780,912
9,780,316
8,780,340
2,781,1484
6,781,445
10,781,288
3,781,915
2,782,1474
1,782,2938
4,782,690
5,782,597
10,782,285
9,782,314
6,782,441
8,782,338
3,782,908
8,785,343
7,785,458
10,785,287
2,785,1490
6,785,447
9,785,316
1,785,2967
3,785,918
4,785,696
5,785,599
2,786,1491
4,786,699
3,786,919
7,786,459
5,786,600
1,786,2969
8,786,344
5,787,601
9,787,317
1,787,2970
3,788,920
6,789,446
5,789,600
9,789,313
1,789,2954
4,789,696
7,789,458
2,789,1483
3,789,913
8,789,343
9,792,315
2,792,1499
6,792,451
3,792,917
1,792,2987
8,792,347
4,792,701
5,792,606
7,792,464
10,792,291
3,793,920
9,793,315
8,793,348
3,794,921
10,794,291
2,794,1501
8,794,349
6,794,452
1,794,2991
5,794,608
6,795,454
5,795,607
3,795,921
7,799,466
5,799,608
2,799,1510
4,799,701
6,799,452
8,799,348
3,799,923
1,799,3010
9,799,321
10,799,290
4,800,702
3,800,925
10,800,292
2,800,1509
9,800,322
5,800,608
1,800,3010
4,801,703
1,801,3012
5,801,609
7,802,467
5,802,610
4,802,702
1,802,3013
9,803,318
4,803,700
6,803,448
7,803,464
2,803,1499
8,803,349
3,803,919
12,803,8
10,803,291
5,803,606
1,803,2989
1,806,3024
10,806,292
3,806,927
2,806,1512
8,806,353
4,806,705
7,806,468
6,806,452
5,806,609
10,807,293
1,807,3028
3,807,929
4,807,706
8,807,355
2,807,1513
5,807,610
1,808,3029
3,808,931
7,808,469
5,808,611
6,809,451
5,809,610
1,809,3030
3,809,930
3,810,927
5,810,607
2,810,1503
10,810,290
7,810,463
8,810,352
1,810,3008
6,810,447
4,810,700
12,813,9
7,813,466
10,813,292
1,813,3039
4,813,703
8,813,357
3,813,935
6,813,451
5,813,619
2,813,1511
9,813,322
6,814,452
1,814,3043
2,814,1512
8,815,358
1,815,3046
2,815,1513
1,816,3045
5,816,619
4,816,704
6,816,452
1,817,3027
3,817,929
7,817,461
5,817,615
6,817,451
4,817,701
8,817,355
2,817,1506
9,817,320
5,820,619
7,820,464
6,820,460
1,820,3056
4,820,708
10,820,294
8,820,359
9,820,325
3,820,936
2,820,1516
4,821,709
3,821,939
1,821,3062
2,821,1517
6,821,461
8,821,360
2,822,1518
1,822,3065
4,823,710
1,823,3064
10,823,293
3,823,938
5,824,615
1,824,3039
6,824,457
4,824,709
2,824,1504
7,824,462
3,824,933
9,824,321
8,824,358
7,827,467
10,827,295
1,827,3064
3,827,945
4,827,718
9,827,324
8,827,361
2,827,1521
6,827,462
5,827,619
10,828,296
3,828,945
2,828,1524
1,828,3068
8,829,360
10,829,297
5,829,620
1,829,3071
4,829,719
5,830,619
1,830,3071
4,831,714
7,831,464
1,831,3057
2,831,1511
8,831,358
3,831,941
6,831,457
9,831,320
10,831,296
5,831,613
10,834,299
2,834,1520
8,834,361
4,834,723
5,834,620
6,834,462
9,834,322
3,834,953
1,834,3089
7,834,468
1,835,3091
5,835,621
2,835,1521
8,835,362
10,835,300
8,836,363
7,836,469
2,836,1524
4,837,723
2,837,1525
1,837,3090
5,837,620
3,837,954
1,838,3068
6,838,456
4,838,721
2,838,1515
12,838,8
7,838,467
3,838,945
9,838,319
10,838,299
8,838,359
5,838,614
3,841,956
4,841,730
10,841,304
2,841,1527
5,841,617
1,841,3095
8,841,363
6,841,459
9,841,323
7,841,472
4,842,732
3,842,957
1,842,3097
7,842,473
1,843,3099
7,843,473
10,843,305
6,843,461
4,844,733
3,844,958
4,845,725
3,845,949
7,845,467
6,845,458
8,845,361
5,845,612
2,845,1516
1,845,3084
9,845,322
10,845,302
6,848,464
9,848,325
5,848,616
4,848,732
8,848,363
7,848,470
10,848,307
2,848,1528
3,848,957
1,848,3106
3,849,958
6,849,465
1,849,3109
1,850,3111
10,850,309
9,851,324
1,851,3109
3,851,957
9,852,323
6,852,464
1,852,3085
10,852,308
3,852,952
4,852,726
8,852,360
7,852,465
2,852,1521
5,852,613
6,856,466
3,856,959
2,856,1536
8,856,367
10,856,310
9,856,331
4,856,729
1,856,3119
5,856,618
7,856,469
8,857,368
4,857,730
3,857,960
1,857,3122
10,858,311
1,858,3123
9,858,332
3,859,956
5,859,613
7,859,465
6,859,463
2,859,1528
1,859,3103
4,859,720
8,859,367
2,862,1544
6,862,469
3,862,966
1,862,3128
7,862,471
10,862,316
5,862,619
4,862,728
9,862,340
8,862,371
3,863,968
2,863,1545
1,863,3129
5,863,620
4,864,729
1,864,3130
2,864,1547
3,864,968
10,864,318
7,864,472
7,865,473
1,865,3128
3,865,969
2,865,1548
8,866,366
7,866,468
5,866,610
3,866,962
4,866,724
10,866,314
6,866,464
1,866,3107
11,866,9
2,866,1542
9,866,338
5,869,618
1,869,3132
3,869,969
8,869,367
9,869,343
10,869,317
2,869,1554
6,869,466
7,869,472
4,869,728
3,870,967
6,870,467
5,870,619
1,870,3134
4,870,729
5,871,620
1,871,3137
8,871,368
5,873,615
2,873,1541
10,873,316
6,873,466
3,873,963
4,873,723
8,873,367
7,873,471
1,873,3102
9,873,342
5,876,619
2,876,1556
4,876,727
9,876,346
7,876,473
8,876,371
10,876,323
3,876,969
6,876,474
1,876,3131
1,877,3133
7,877,474
8,877,372
3,877,970
5,877,620
4,877,728
2,877,1557
8,878,373
1,878,3135
3,878,969
2,878,1559
1,879,3135
7,879,475
9,880,345
3,880,965
7,880,473
2,880,1547
6,880,471
5,880,618
10,880,320
1,880,3117
11,880,8
4,880,723
8,880,372
2,883,1563
10,883,322
9,883,346
6,883,476
8,883,378
1,883,3151
4,883,726
5,883,629
3,883,976
7,883,477
6,884,478
3,884,979
2,884,1562
8,884,379
7,885,478
1,885,3150
10,885,323
2,885,1563
1,886,3150
2,886,1562
4,886,727
5,887,628
3,887,975
1,887,3135
4,887,720
2,887,1551
7,887,474
8,887,377
6,887,476
10,887,320
9,887,343
2,890,1567
8,890,378
3,890,984
9,890,350
4,890,725
6,890,479
5,890,633
10,890,322
7,890,476
1,890,3162
8,891,379
1,891,3167
5,891,634
3,891,985
10,891,323
6,891,480
4,891,726
1,892,3170
6,894,478
8,894,376
3,894,981
7,894,473
9,894,348
2,894,1556
1,894,3156
10,894,322
5,894,630
4,894,725
3,897,986
9,897,350
10,897,325
1,897,3183
5,897,633
7,897,478
8,897,377
2,897,1570
4,897,729
6,897,482
1,898,3186
2,898,1572
5,899,634
2,899,1573
1,899,3187
10,899,326
1,900,3188
3,900,985
5,900,635
2,900,1574
4,900,730
4,901,727
12,901,7
7,901,475
3,901,979
8,901,376
6,901,479
1,901,3177
2,901,1564
5,901,630
12,904,8
9,904,354
3,904,989
2,904,1580
1,904,3208
10,904,330
4,904,732
7,904,478
5,904,641
6,904,483
8,904,380
1,905,3212
10,905,331
2,905,1582
7,905,480
5,905,640
8,905,381
6,906,485
3,906,990
1,906,3212
5,907,639
2,907,1582
4,907,735
1,907,3209
3,907,989
10,908,329
9,908,352
7,908,476
3,908,979
6,908,482
4,908,729
1,908,3190
2,908,1576
8,908,377
5,908,636
10,911,331
3,911,984
9,911,355
4,911,734
5,911,644
1,911,3218
6,911,483
2,911,1586
8,911,380
4,912,734
10,912,332
1,912,3224
3,912,985
4,913,735
7,913,476
3,913,986
2,913,1589
1,914,3223
4,914,736
10,914,331
2,914,1590
7,915,474
6,915,478
8,915,375
10,915,329
1,915,3200
3,915,979
4,915,732
5,915,642
2,915,1582
9,915,352
2,918,1593
6,918,482
7,918,476
5,918,646
4,918,741
3,918,988
8,918,378
12,918,9
10,918,332
9,918,353
1,918,3228
9,919,354
4,919,742
2,919,1596
1,919,3230
6,919,483
8,919,377
3,920,989
9,920,353
2,920,1596
7,920,477
1,920,3229
6,920,482
2,921,1597
5,921,645
1,921,3231
7,921,478
4,922,735
2,922,1588
9,922,352
1,922,3210
10,922,331
6,922,479
3,922,985
7,922,475
8,922,375
5,922,638
3,925,992
10,925,332
8,925,379
6,925,481
9,925,355
5,925,642
4,925,746
2,925,1599
7,925,482
1,925,3232
3,926,994
2,926,1600
1,926,3235
5,926,643
9,927,356
7,927,483
1,927,3236
2,927,1601
1,928,3237
2,928,1602
1,929,3213
3,929,986
4,929,739
10,929,328
6,929,476
8,929,378
7,929,476
5,929,641
2,929,1592
7,932,478
2,932,1603
4,932,741
6,932,481
9,932,359
8,932,381
10,932,331
3,932,997
1,932,3238
5,932,646
3,933,998
7,933,479
5,933,647
1,933,3246
4,933,743
8,934,382
2,934,1605
10,934,332
1,934,3248
6,935,480
4,935,744
3,936,994
4,936,740
8,936,381
9,936,357
5,936,643
2,936,1597
1,936,3224
10,936,331
6,936,478
7,936,474
5,939,647
1,939,3247
7,939,481
3,939,1004
8,939,386
10,939,335
9,939,360
6,939,480
4,939,744
2,939,1610
9,940,361
3,940,1006
2,940,1612
1,940,3251
5,940,647
8,941,387
3,941,1007
6,941,481
1,941,3251
2,941,1613
10,941,336
3,942,1009
2,942,1615
6,942,482
9,943,360
2,943,1603
6,943,481
1,943,3234
5,943,644
10,943,335
3,943,1002
4,943,740
7,943,477
2,946,1617
1,946,3263
6,946,485
10,946,339
4,946,748
7,946,481
9,946,363
8,946,388
3,946,1009
5,946,648
2,947,1618
8,947,389
4,947,749
3,947,1010
1,947,3262
5,947,649
7,947,483
6,948,484
2,948,1619
4,948,751
3,949,1011
2,949,1620
1,949,3260
8,950,387
9,950,359
3,950,1003
2,950,1610
6,950,480
10,950,338
1,950,3235
4,950,747
5,950,645
7,950,478
6,954,484
3,954,1014
8,954,391
4,954,754
2,954,1622
7,954,482
9,954,363
5,954,650
10,954,339
1,954,3265
3,955,1015
8,955,392
2,955,1623
1,955,3266
4,955,755
3,956,1016
1,956,3268
4,956,755
2,956,1624
1,957,3250
4,957,753
3,957,1011
2,957,1614
10,957,337
7,957,481
9,957,362
5,957,648
8,957,389
6,957,478
3,960,1019
2,960,1633
9,960,367
7,960,485
5,960,650
6,960,482
8,960,393
1,960,3281
10,960,339
4,960,761
5,961,651
1,961,3284
2,961,1635
8,962,394
2,962,1636
10,962,340
3,962,1020
1,962,3287
1,963,3287
9,963,368
11,963,9
3,963,1021
5,963,650
6,964,479
8,964,391
2,964,1629
7,964,481
10,964,339
3,964,1018
5,964,645
1,964,3267
4,964,753
8,967,397
7,967,484
2,967,1642
6,967,481
5,967,647
4,967,759
9,967,372
10,967,341
1,967,3296
3,967,1028
1,968,3299
4,968,763
6,968,482
7,968,486
10,968,342
2,968,1642
1,969,3302
7,969,490
2,969,1643
1,970,3301
7,970,491
6,970,483
2,970,1642
8,971,395
10,971,338
6,971,481
1,971,3281
7,971,487
2,971,1635
9,971,371
5,971,640
3,971,1020
4,971,755
6,974,485
2,974,1643
3,974,1033
8,974,397
10,974,340
9,974,374
7,974,490
1,974,3315
4,974,757
5,974,645
4,975,758
10,975,341
2,975,1644
7,975,491
9,976,375
2,976,1645
3,976,1035
1,977,3316
3,977,1036
8,977,396
2,977,1646
3,978,1028
4,978,756
9,978,372
5,978,640
8,978,393
6,978,480
7,978,487
1,978,3301
2,978,1637
2,981,1646
9,981,373
8,981,396
7,981,490
5,981,646
10,981,343
4,981,763
1,981,3333
3,981,1036
2,982,1647
1,982,3337
8,982,397
5,982,648
6,983,481
9,983,374
7,983,491
1,983,3338
8,983,398
3,984,1036
4,984,765
10,985,342
5,985,644
4,985,760
6,985,480
8,985,392
7,985,488
1,985,3315
9,985,373
3,985,1027
2,985,1639
7,988,493
1,988,3342
9,988,379
5,988,653
8,988,395
4,988,766
6,988,486
3,988,1036
10,988,344
2,988,1650
2,989,1651
1,989,3343
4,989,765
3,989,1038
7,989,495
5,989,654
4,990,766
1,990,3346
8,990,396
10,990,343
3,990,1040
6,990,488
5,990,656
5,991,655
1,991,3345
7,991,494
4,991,767
2,991,1652
2,992,1641
4,992,759
9,992,376
7,992,489
10,992,340
1,992,3324
8,992,394
3,992,1032
5,992,647
6,992,484
10,995,344
1,995,3346
4,995,766
3,995,1043
5,995,652
2,995,1651
8,995,399
7,995,491
6,995,486
9,995,379
4,996,767
1,996,3346
3,996,1044
2,996,1652
7,996,492
4,997,768
5,997,653
2,997,1653
3,997,1045
1,997,3347
8,997,400
5,998,652
1,998,3347
8,999,399
12,999,8
5,999,651
1,999,3331
6,999,481
4,999,763
2,999,1649
9,999,377
7,999,489
3,999,1039
5,1002,655
7,1002,491
6,1002,485
3,1002,1050
2,1002,1660
9,1002,379
8,1002,402
10,1002,346
4,1002,771
1,1002,3360
10,1003,348
1,1003,3365
7,1003,492
3,1003,1051
8,1003,403
1,1004,3369
8,1004,404
4,1004,772
2,1004,1662
3,1004,1052
3,1005,1051
5,1005,656
7,1006,490
8,1006,399
4,1006,764
5,1006,652
3,1006,1040
10,1006,346
6,1006,483
1,1006,3342
2,1006,1652
9,1006,377
12,1006,7
3,1009,1051
4,1009,773
6,1009,489
9,1009,379
7,1009,493
8,1009,403
5,1009,654
10,1009,348
2,1009,1665
1,1009,3360
2,1010,1667
5,1010,655
3,1010,1053
1,1010,3360
9,1011,378
6,1011,490
1,1011,3361
7,1011,492
3,1012,1055
6,1012,489
1,1012,3360
3,1013,1047
5,1013,653
6,1013,485
9,1013,377
7,1013,489
1,1013,3339
4,1013,768
2,1013,1660
10,1013,344
8,1013,397
5,1016,660
3,1016,1056
6,1016,490
7,1016,497
2,1016,1667
8,1016,399
9,1016,379
4,1016,776
1,1016,3366
7,1017,498
6,1017,491
1,1017,3369
2,1017,1670
4,1018,777
6,1018,490
1,1018,3373
8,1018,401
3,1018,1057
1,1019,3372
2,1019,1669
8,1020,399
5,1020,654
3,1020,1049
2,1020,1660
10,1020,340
4,1020,773
1,1020,3357
7,1020,491
6,1020,488
3,1023,1059
2,1023,1675
6,1023,492
1,1023,3387
10,1023,341
5,1023,661
4,1023,777
9,1023,380
7,1023,494
8,1023,402
4,1024,779
1,1024,3387
2,1024,1678
7,1024,493
1,1025,3387
2,1025,1679
3,1025,1061
9,1025,379
1,1026,3389
9,1026,380
10,1026,342
2,1026,1678
3,1027,1056
7,1027,485
1,1027,3372
5,1027,658
4,1027,777
2,1027,1671
9,1027,379
8,1027,400
10,1027,341
6,1027,488
2,1030,1679
4,1030,785
6,1030,494
1,1030,3401
8,1030,404
9,1030,385
7,1030,489
5,1030,664
10,1030,345
3,1030,1064
4,1031,787
2,1031,1682
3,1031,1066
9,1031,384
1,1031,3403
6,1032,496
3,1032,1067
2,1032,1682
9,1032,385
1,1032,3405
5,1033,665
2,1033,1684
1,1033,3403
6,1034,494
9,1034,381
2,1034,1674
10,1034,343
5,1034,660
8,1034,403
1,1034,3387
4,1034,775
3,1034,1059
7,1034,485
4,1037,778
2,1037,1693
5,1037,662
3,1037,1067
10,1037,345
8,1037,409
9,1037,382
7,1037,488
6,1037,496
1,1037,3402
9,1038,384
7,1038,489
10,1038,346
1,1038,3406
4,1038,779
3,1038,1067
1,1039,3407
5,1041,653
6,1041,490
9,1041,383
1,1041,3383
7,1041,485
3,1041,1063
8,1041,408
4,1041,775
2,1041,1683
2,1044,1691
4,1044,785
3,1044,1072
10,1044,349
8,1044,409
5,1044,659
1,1044,3404
6,1044,494
7,1044,491
9,1044,386
5,1045,661
4,1045,786
9,1045,388
2,1045,1691
1,1045,3406
2,1046,1693
1,1046,3408
10,1046,350
9,1046,389
9,1047,390
2,1047,1694
3,1047,1073
1,1047,3410
7,1048,487
4,1048,778
3,1048,1067
8,1048,407
2,1048,1684
5,1048,656
1,1048,3386
6,1048,490
9,1048,389
5,1051,665
1,1051,3419
2,1051,1697
8,1051,413
9,1051,396
7,1051,497
4,1051,787
3,1051,1074
6,1051,496
2,1052,1696
3,1052,1077
5,1052,667
1,1052,3422
2,1053,1698
3,1053,1078
1,1053,3424
6,1054,497
7,1054,496
9,1055,392
8,1055,407
3,1055,1069
1,1055,3412
4,1055,779
2,1055,1687
5,1055,662
7,1055,491
10,1055,346
6,1055,494
5,1058,666
9,1058,397
4,1058,786
6,1058,498
1,1058,3452
10,1058,347
3,1058,1075
7,1058,492
2,1058,1701
8,1058,413
4,1059,787
6,1059,499
12,1059,8
3,1059,1076
1,1059,3453
2,1059,1702
10,1059,348
8,1059,414
1,1060,3455
10,1060,349
2,1060,1703
3,1060,1078
4,1061,786
1,1061,3455
3,1061,1079
3,1062,1072
8,1062,411
2,1062,1696
9,1062,395
10,1062,348
6,1062,498
5,1062,664
4,1062,784
7,1062,487
1,1062,3440
6,1065,503
7,1065,494
9,1065,397
4,1065,790
8,1065,414
5,1065,669
1,1065,3463
10,1065,353
3,1065,1078
2,1065,1704
7,1066,495
6,1066,505
2,1066,1705
5,1066,671
8,1066,415
2,1068,1704
3,1068,1078
4,1068,791
1,1068,3468
6,1068,506
10,1068,354
4,1069,785
1,1069,3449
2,1069,1694
8,1069,410
5,1069,665
6,1069,502
9,1069,395
7,1069,491
10,1069,353
3,1069,1076
3,1072,1084
2,1072,1706
5,1072,670
8,1072,412
10,1072,355
6,1072,506
7,1072,496
4,1072,796
1,1072,3478
9,1072,399
2,1073,1707
5,1073,671
10,1073,356
1,1073,3481
3,1073,1087
7,1073,497
1,1075,3482
2,1075,1707
10,1075,357
6,1075,507
4,1076,791
3,1076,1079
2,1076,1694
7,1076,490
1,1076,3452
10,1076,355
8,1076,407
6,1076,502
5,1076,669
9,1076,397
8,1079,414
9,1079,401
7,1079,495
6,1079,505
5,1079,673
3,1079,1085
10,1079,356
4,1079,796
2,1079,1711
1,1079,3483
1,1080,3486
3,1080,1086
2,1080,1711
7,1080,496
4,1080,797
2,1081,1714
6,1081,504
8,1081,415
1,1081,3487
7,1081,497
2,1082,1714
3,1082,1087
5,1082,672
1,1082,3489
4,1083,788
6,1083,500
5,1083,666
7,1083,496
1,1083,3462
8,1083,413
3,1083,1083
10,1083,353
2,1083,1709
9,1083,400
3,1086,1094
5,1086,672
7,1086,499
10,1086,355
12,1086,10
4,1086,793
9,1086,407
6,1086,502
2,1086,1722
8,1086,418
1,1086,3496
2,1087,1722
9,1087,408
8,1087,418
5,1087,671
2,1088,1723
1,1088,3497
5,1088,670
4,1088,794
3,1088,1096
7,1088,500
3,1089,1095
4,1089,793
1,1089,3497
5,1089,671
8,1090,416
2,1090,1707
3,1090,1082
4,1090,787
9,1090,405
1,1090,3477
7,1090,495
10,1090,351
5,1090,666
2,1094,1722
10,1094,354
3,1094,1092
4,1094,792
7,1094,498
6,1094,506
5,1094,668
8,1094,420
1,1094,3505
9,1094,408
3,1095,1093
4,1095,794
2,1095,1723
9,1095,407
1,1095,3508
8,1096,419
2,1096,1722
1,1096,3509
3,1096,1092
1,1097,3482
10,1097,352
8,1097,416
3,1097,1085
9,1097,401
11,1097,8
4,1097,790
5,1097,665
2,1097,1716
6,1097,499
5,1100,675
7,1100,500
4,1100,802
9,1100,404
2,1100,1725
6,1100,510
10,1100,357
8,1100,418
3,1100,1096
1,1100,3514
1,1101,3516
7,1101,499
5,1101,677
6,1101,512
2,1101,1726
10,1101,358
3,1101,1097
4,1101,803
5,1102,678
1,1102,3516
2,1102,1730
3,1102,1098
4,1102,804
6,1103,512
10,1103,357
3,1103,1097
2,1103,1731
3,1104,1088
4,1104,803
1,1104,3491
7,1104,497
9,1104,400
8,1104,416
5,1104,673
10,1104,355
6,1104,506
2,1104,1718
7,1107,504
10,1107,359
3,1107,1100
9,1107,404
1,1107,3514
6,1107,511
4,1107,812
8,1107,418
2,1107,1735
5,1107,678
5,1108,679
3,1108,1101
1,1108,3515
6,1109,512
2,1109,1737
10,1109,360
1,1109,3517
4,1109,815
5,1109,680
3,1109,1102
1,1110,3519
2,1110,1738
6,1110,511
10,1111,358
7,1111,503
6,1111,508
5,1111,672
8,1111,416
4,1111,808
2,1111,1732
1,1111,3494
3,1111,1093
12,1111,9
9,1111,401
2,1114,1746
7,1114,508
1,1114,3522
4,1114,815
10,1114,363
3,1114,1099
6,1114,514
5,1114,678
9,1114,404
8,1114,417
11,1114,9
3,1115,1100
4,1115,816
5,1115,679
1,1115,3525
2,1115,1747
8,1115,418
10,1115,365
4,1116,817
1,1116,3527
2,1116,1748
4,1117,816
2,1117,1750
4,1118,810
6,1118,511
10,1118,362
9,1118,400
7,1118,504
5,1118,674
2,1118,1736
3,1118,1091
1,1118,3507
5,1122,679
8,1122,420
3,1122,1098
1,1122,3536
4,1122,816
10,1122,366
6,1122,515
9,1122,404
7,1122,511
2,1122,1747
1,1123,3535
2,1123,1746
3,1124,1097
2,1124,1747
4,1125,809
5,1125,673
9,1125,403
3,1125,1092
2,1125,1736
6,1125,511
7,1125,509
10,1125,364
1,1125,3509
11,1125,8
1,1128,3535
9,1128,405
4,1128,824
3,1128,1105
6,1128,513
8,1128,424
5,1128,683
2,1128,1746
7,1128,513
10,1128,365
9,1129,406
5,1129,684
1,1129,3539
2,1129,1747
7,1129,514
4,1129,823
6,1130,514
9,1130,407
5,1130,685
1,1130,3543
4,1130,825
4,1131,824
3,1131,1105
3,1132,1099
10,1132,361
1,1132,3519
4,1132,821
9,1132,404
7,1132,512
5,1132,679
8,1132,422
2,1132,1736
6,1132,507
8,1135,423
1,1135,3536
5,1135,688
3,1135,1105
9,1135,406
6,1135,513
4,1135,829
10,1135,363
2,1135,1753
7,1135,514
2,1136,1754
1,1136,3539
3,1136,1106
2,1137,1756
4,1137,830
10,1137,364
3,1137,1106
1,1138,3540
3,1138,1107
6,1138,514
5,1139,683
2,1139,1745
7,1139,513
1,1139,3519
8,1139,421
10,1139,363
9,1139,399
3,1139,1099
4,1139,826
6,1139,507
1,1142,3542
9,1142,402
7,1142,517
2,1142,1760
10,1142,364
6,1142,511
5,1142,688
3,1142,1105
4,1142,832
8,1142,422
9,1143,403
7,1143,518
2,1143,1762
1,1143,3544
8,1143,423
5,1143,689
6,1144,510
7,1144,520
8,1144,424
2,1144,1763
1,1144,3546
3,1145,1106
1,1145,3550
1,1146,3526
9,1146,401
7,1146,517
2,1146,1753
4,1146,823
3,1146,1104
6,1146,505
5,1146,684
8,1146,420
2,1149,1765
10,1149,369
4,1149,828
6,1149,507
5,1149,692
8,1149,422
1,1149,3560
3,1149,1112
1,1150,3563
4,1150,831
7,1150,518
8,1150,423
3,1151,1114
8,1151,424
1,1151,3567
5,1151,693
6,1152,508
4,1152,833
1,1152,3566
2,1152,1764
7,1152,520
9,1153,399
6,1153,507
8,1153,418
4,1153,828
5,1153,688
3,1153,1108
2,1153,1753
10,1153,366
1,1153,3546
7,1153,513
7,1156,522
3,1156,1117
6,1156,509
9,1156,403
2,1156,1768
5,1156,696
10,1156,370
4,1156,838
1,1156,3582
8,1156,423
1,1157,3583
2,1157,1767
3,1157,1118
6,1157,510
1,1158,3584
10,1158,371
6,1158,511
5,1159,697
8,1160,420
11,1160,7
10,1160,367
2,1160,1754
5,1160,692
3,1160,1113
4,1160,831
9,1160,400
7,1160,518
1,1160,3553
3,1163,1120
6,1163,517
2,1163,1771
9,1163,402
5,1163,696
7,1163,523
8,1163,424
1,1163,3584
10,1163,370
4,1163,836
4,1164,840
7,1164,524
2,1164,1772
10,1164,371
8,1164,426
7,1165,525
8,1165,427
4,1165,841
2,1165,1775
5,1165,697
6,1165,518
4,1166,841
7,1166,526
1,1166,3586
6,1167,515
5,1167,691
9,1167,401
7,1167,523
2,1167,1764
4,1167,836
10,1167,369
1,1167,3559
3,1167,1109
8,1167,423
3,1170,1120
6,1170,519
5,1170,697
9,1170,404
1,1170,3589
7,1170,527
8,1170,426
2,1170,1782
10,1170,370
4,1170,849
2,1171,1786
9,1171,404
1,1171,3593
5,1171,698
3,1171,1123
7,1171,529
9,1172,405
2,1172,1787
7,1172,530
3,1172,1123
1,1172,3594
5,1172,699
2,1173,1788
4,1173,850
1,1173,3596
3,1173,1124
6,1174,518
8,1174,423
7,1174,527
5,1174,695
3,1174,1118
1,1174,3576
4,1174,846
2,1174,1780
10,1174,368
2,1177,1803
5,1177,698
10,1177,372
1,1177,3605
9,1177,409
8,1177,425
7,1177,534
6,1177,521
4,1177,850
3,1177,1129
5,1178,699
1,1178,3612
8,1179,426
6,1179,520
2,1179,1804
5,1179,700
6,1180,521
2,1180,1805
1,1180,3612
7,1184,533
10,1184,372
5,1184,695
6,1184,523
1,1184,3618
3,1184,1123
9,1184,403
4,1184,858
8,1184,424
2,1184,1808
7,1185,534
3,1185,1125
8,1185,426
2,1185,1811
1,1185,3620
2,1186,1814
1,1186,3622
10,1186,373
5,1187,696
1,1187,3624
9,1188,398
3,1188,1120
2,1188,1796
10,1188,369
7,1188,530
8,1188,423
5,1188,689
6,1188,520
4,1188,855
1,1188,3597
5,1191,699
6,1191,522
2,1191,1807
9,1191,400
7,1191,535
10,1191,372
8,1191,425
4,1191,863
3,1191,1132
1,1191,3627
2,1192,1809
5,1192,700
3,1192,1133
1,1192,3630
2,1193,1810
6,1193,524
1,1193,3631
2,1194,1812
3,1194,1134
8,1194,426
9,1195,399
1,1195,3605
10,1195,365
5,1195,693
2,1195,1800
3,1195,1126
6,1195,518
4,1195,857
7,1195,533
7,1198,535
10,1198,371
5,1198,702
6,1198,524
4,1198,862
3,1198,1135
8,1198,427
2,1198,1814
1,1198,3626
9,1198,404
11,1198,8
3,1199,1136
6,1199,525
1,1199,3630
5,1199,703
4,1199,863
4,1200,864
10,1200,372
1,1200,3629
5,1200,704
2,1200,1815
4,1201,864
8,1201,426
2,1202,1806
1,1202,3605
5,1202,702
3,1202,1126
9,1202,401
8,1202,425
7,1202,533
4,1202,859
10,1202,371
4,1205,866
8,1205,426
1,1205,3644
7,1205,540
6,1205,534
5,1205,709
10,1205,375
9,1205,409
2,1205,1821
3,1205,1133
2,1206,1821
1,1206,3646
9,1206,410
3,1206,1134
5,1206,711
7,1206,539
6,1207,535
2,1207,1822
5,1207,713
1,1207,3645
8,1207,427
6,1208,536
10,1208,376
3,1208,1133
1,1208,3646
8,1209,425
9,1209,407
2,1209,1815
7,1209,536
1,1209,3623
6,1209,532
5,1209,710
3,1209,1127
4,1209,861
10,1209,373
8,1212,428
3,1212,1134
4,1212,866
1,1212,3658
9,1212,409
2,1212,1828
5,1212,715
10,1212,374
6,1212,539
7,1212,544
12,1212,11
1,1213,3660
5,1213,716
2,1213,1830
8,1213,429
5,1214,717
9,1214,408
1,1214,3663
1,1215,3663
2,1215,1831
7,1215,543
9,1216,407
1,1216,3643
3,1216,1129
10,1216,371
5,1216,712
7,1216,539
4,1216,864
6,1216,535
2,1216,1823
8,1216,427
9,1220,411
7,1220,544
1,1220,3670
6,1220,538
5,1220,718
8,1220,429
2,1220,1838
4,1220,870
3,1220,1135
10,1220,374
3,1221,1136
1,1221,3672
3,1222,1137
5,1222,719
6,1222,537
1,1222,3671
8,1222,430
2,1223,1829
4,1223,865
5,1223,715
10,1223,373
9,1223,409
1,1223,3644
7,1223,542
6,1223,534
8,1223,426
3,1223,1129
7,1226,546
10,1226,377
2,1226,1840
8,1226,432
9,1226,411
6,1226,539
3,1226,1132
4,1226,870
5,1226,724
1,1226,3674
8,1227,433
1,1227,3675
2,1227,1841
5,1227,727
4,1228,871
2,1228,1843
5,1228,729
8,1228,434
7,1229,545
5,1229,730
1,1229,3671
3,1229,1131
9,1230,408
4,1230,868
5,1230,725
7,1230,542
3,1230,1123
6,1230,533
1,1230,3645
8,1230,433
10,1230,375
2,1230,1838
10,1233,378
3,1233,1127
2,1233,1847
1,1233,3673
5,1233,734
6,1233,539
9,1233,411
4,1233,877
8,1233,436
7,1233,547
1,1234,3675
2,1234,1847
6,1234,540
10,1234,380
3,1234,1131
3,1235,1131
1,1235,3675
2,1235,1849
1,1236,3674
3,1236,1130
8,1237,430
10,1237,376
1,1237,3658
6,1237,538
2,1237,1842
3,1237,1121
5,1237,729
9,1237,409
4,1237,872
7,1237,546
3,1240,1125
5,1240,732
4,1240,879
9,1240,414
2,1240,1859
6,1240,546
10,1240,375
1,1240,3679
8,1240,434
11,1240,9
7,1240,550
2,1241,1860
5,1241,734
1,1241,3685
2,1242,1860
3,1242,1128
5,1242,735
1,1242,3688
4,1243,880
7,1243,551
5,1243,734
6,1243,547
1,1243,3691
3,1243,1127
3,1244,1118
1,1244,3667
9,1244,409
10,1244,374
4,1244,877
7,1244,547
2,1244,1850
8,1244,432
6,1244,546
5,1244,726
9,1247,411
8,1247,435
5,1247,731
7,1247,552
10,1247,376
1,1247,3693
3,1247,1126
2,1247,1865
6,1247,551
4,1247,881
3,1248,1128
1,1248,3697
2,1248,1868
3,1249,1130
2,1249,1871
1,1249,3696
1,1250,3698
7,1251,549
8,1251,433
10,1251,372
4,1251,874
2,1251,1855
5,1251,727
3,1251,1123
1,1251,3671
6,1251,547
9,1251,409
3,1254,1135
7,1254,553
9,1254,414
4,1254,882
2,1254,1867
6,1254,549
10,1254,375
5,1254,730
1,1254,3694
8,1254,436
1,1255,3697
8,1255,437
9,1255,414
2,1255,1864
5,1255,731
3,1255,1138
10,1256,374
8,1256,438
1,1256,3698
6,1256,550
8,1257,439
2,1257,1865
5,1257,732
1,1257,3696
8,1261,441
2,1261,1861
7,1261,554
4,1261,886
5,1261,728
10,1261,375
1,1261,3692
6,1261,554
9,1261,415
3,1261,1145
9,1262,414
2,1262,1862
1,1262,3694
7,1262,553
4,1262,887
3,1262,1146
5,1262,730
1,1263,3697
9,1263,413
6,1263,556
2,1263,1865
3,1264,1147
3,1265,1140
9,1265,410
5,1265,724
2,1265,1851
10,1265,373
6,1265,554
7,1265,549
4,1265,880
1,1265,3675
8,1265,439
3,1268,1150
9,1268,410
5,1268,728
10,1268,377
8,1268,442
6,1268,560
7,1268,553
1,1268,3706
4,1268,886
2,1268,1861
5,1269,729
1,1269,3708
8,1269,443
2,1269,1863
3,1269,1152
6,1269,561
4,1270,887
7,1270,554
3,1270,1153
9,1270,411
5,1270,730
7,1271,555
2,1271,1861
10,1272,374
8,1272,438
1,1272,3689
5,1272,721
3,1272,1142
9,1272,406
11,1272,8
4,1272,880
7,1272,554
6,1272,557
2,1272,1849
5,1275,724
9,1275,407
6,1275,559
1,1275,3713
4,1275,889
2,1275,1858
7,1275,558
10,1275,376
8,1275,446
3,1275,1152
4,1276,890
5,1276,725
7,1276,559
8,1276,447
6,1276,560
3,1276,1153
1,1276,3715
9,1277,408
1,1277,3717
3,1277,1154
4,1277,890
10,1278,377
3,1278,1153
2,1278,1858
4,1279,879
5,1279,721
2,1279,1849
1,1279,3688
9,1279,401
6,1279,557
7,1279,555
10,1279,375
3,1279,1147
8,1279,445
1,1282,3718
7,1282,559
6,1282,558
3,1282,1150
9,1282,405
10,1282,376
5,1282,727
2,1282,1855
4,1282,887
8,1282,448
5,1283,728
10,1283,377
3,1283,1151
9,1283,406
7,1283,560
1,1283,3725
2,1283,1856
1,1284,3727
5,1284,727
2,1285,1857
1,1286,3696
3,1286,1143
9,1286,404
7,1286,557
4,1286,883
2,1286,1843
8,1286,443
5,1286,722
10,1286,373
6,1286,554
7,1289,562
3,1289,1155
1,1289,3715
5,1289,726
6,1289,556
10,1289,377
4,1289,890
9,1289,406
8,1289,447
2,1289,1855
8,1290,449
1,1290,3719
3,1290,1156
5,1290,727
10,1290,379
1,1291,3720
3,1291,1157
2,1291,1857
1,1292,3722
1,1293,3696
6,1293,551
3,1293,1149
9,1293,405
5,1293,720
10,1293,376
7,1293,559
2,1293,1847
4,1293,884
8,1293,446
11,1293,7
7,1296,561
3,1296,1158
10,1296,378
9,1296,409
1,1296,3718
2,1296,1859
8,1296,449
4,1296,898
5,1296,728
6,1296,553
4,1297,899
10,1297,380
3,1297,1160
1,1297,3724
1,1298,3728
5,1298,729
8,1298,449
2,1298,1859
3,1299,1158
2,1299,1860
2,1300,1850
8,1300,445
11,1300,6
5,1300,725
3,1300,1148
10,1300,378
9,1300,406
7,1300,557
6,1300,550
4,1300,894
1,1300,3696
1,1303,3727
3,1303,1159
10,1303,382
9,1303,409
6,1303,554
4,1303,901
8,1303,447
7,1303,559
5,1303,731
2,1303,1867
5,1304,733
1,1304,3729
4,1304,902
9,1304,408
10,1304,383
2,1304,1868
4,1305,901
5,1305,734
1,1305,3731
2,1305,1869
3,1305,1161
2,1306,1870
1,1306,3731
4,1306,902
9,1306,407
8,1306,448
1,1307,3714
2,1307,1855
3,1307,1153
5,1307,729
7,1307,555
8,1307,445
4,1307,898
9,1307,401
6,1307,549
10,1307,378
7,1310,559
3,1310,1163
5,1310,736
10,1310,381
1,1310,3740
8,1310,448
2,1310,1874
9,1310,402
4,1310,903
4,1311,903
3,1311,1164
6,1311,548
1,1311,3742
5,1311,737
2,1311,1875
9,1312,403
2,1312,1876
1,1312,3742
8,1313,449
6,1313,547
2,1313,1877
1,1313,3743
7,1314,558
9,1314,400
1,1314,3722
10,1314,379
8,1314,444
4,1314,900
6,1314,543
2,1314,1867
5,1314,732
3,1314,1156
9,1318,403
10,1318,382
5,1318,737
6,1318,547
3,1318,1166
8,1318,447
2,1318,1883
7,1318,561
4,1318,905
1,1318,3751
2,1319,1884
1,1319,3751
10,1320,383
7,1321,560
9,1321,402
3,1321,1157
2,1321,1877
1,1321,3722
6,1321,545
5,1321,734
8,1321,446
10,1321,382
7,1324,564
2,1324,1890
9,1324,406
4,1324,911
5,1324,742
3,1324,1166
8,1324,455
10,1324,384
6,1324,549
1,1324,3745
4,1325,913
9,1325,406
2,1325,1891
1,1325,3749
8,1325,456
7,1325,566
1,1326,3751
2,1326,1892
10,1326,385
7,1326,567
3,1326,1169
6,1326,551
9,1327,407
1,1327,3752
1,1328,3726
7,1328,563
10,1328,383
3,1328,1163
2,1328,1879
4,1328,907
8,1328,454
9,1328,403
6,1328,548
5,1328,734
8,1331,458
10,1331,386
6,1331,551
1,1331,3744
4,1331,913
3,1331,1170
2,1331,1893
9,1331,405
5,1331,743
7,1331,570
4,1332,914
7,1332,571
1,1332,3745
3,1332,1171
5,1332,744
10,1333,387
1,1333,3750
8,1333,459
4,1333,916
3,1333,1175
1,1334,3752
5,1334,745
5,1335,742
4,1335,910
8,1335,453
10,1335,383
2,1335,1880
7,1335,566
3,1335,1169
6,1335,548
9,1335,401
12,1335,10
1,1335,3727
5,1338,748
2,1338,1889
8,1338,459
6,1338,551
9,1338,403
3,1338,1176
7,1338,569
1,1338,3766
10,1338,386
4,1338,915
1,1339,3767
7,1339,570
2,1339,1890
8,1339,460
5,1339,749
4,1339,916
2,1340,1892
9,1340,402
7,1340,571
4,1340,915
5,1340,750
1,1340,3767
8,1340,461
3,1340,1177
1,1341,3769
8,1341,462
9,1341,403
2,1342,1883
9,1342,402
7,1342,567
6,1342,547
3,1342,1164
1,1342,3746
10,1342,382
5,1342,745
4,1342,908
8,1342,460
1,1345,3778
6,1345,552
5,1345,749
7,1345,568
9,1345,405
4,1345,922
2,1345,1892
10,1345,384
3,1345,1173
2,1346,1894
10,1346,385
3,1346,1174
1,1346,3778
1,1347,3779
10,1347,386
5,1347,751
3,1347,1175
3,1348,1176
2,1348,1894
7,1348,567
1,1348,3776
3,1349,1167
8,1349,458
5,1349,747
2,1349,1882
10,1349,385
9,1349,402
4,1349,916
6,1349,551
7,1349,562
1,1349,3755
1,1352,3783
10,1352,387
7,1352,565
8,1352,462
5,1352,753
6,1352,552
2,1352,1894
9,1352,404
3,1352,1174
4,1352,921
2,1353,1895
3,1353,1174
5,1353,756
1,1353,3784
11,1353,7
8,1353,463
6,1353,553
5,1354,759
3,1354,1175
1,1354,3785
7,1354,566
6,1354,555
2,1354,1896
4,1354,923
7,1355,565
3,1355,1175
2,1355,1895
4,1356,918
6,1356,552
3,1356,1164
10,1356,385
9,1356,400
2,1356,1878
1,1356,3763
5,1356,757
8,1356,461
7,1356,563
1,1359,3787
3,1359,1176
9,1359,407
2,1359,1887
12,1359,11
8,1359,466
7,1359,566
6,1359,559
5,1359,761
4,1359,932
2,1360,1888
10,1360,386
1,1360,3789
8,1360,467
7,1360,565
9,1360,407
3,1361,1177
6,1361,558
2,1361,1888
7,1361,566
1,1361,3790
5,1361,762
6,1362,558
2,1362,1889
1,1362,3788
10,1363,384
1,1363,3762
3,1363,1173
4,1363,922
9,1363,404
2,1363,1878
5,1363,757
8,1363,464
6,1363,556
7,1363,563
1,1366,3787
5,1366,758
9,1366,406
10,1366,386
2,1366,1891
8,1366,467
7,1366,565
6,1366,559
4,1366,926
3,1366,1184
4,1367,927
1,1367,3789
3,1367,1185
2,1367,1894
1,1368,3791
7,1368,566
5,1368,759
3,1368,1186
2,1369,1895
5,1369,761
7,1370,553
3,1370,1176
8,1370,465
5,1370,757
4,1370,921
1,1370,3761
6,1370,550
10,1370,383
9,1370,404
2,1370,1886
8,1373,467
4,1373,929
1,1373,3803
2,1373,1903
6,1373,552
9,1373,406
5,1373,762
3,1373,1185
7,1373,555
1,1374,3804
10,1374,384
2,1374,1905
2,1375,1906
8,1375,466
3,1375,1186
9,1375,407
1,1375,3806
3,1376,1187
1,1376,3806
6,1376,552
5,1376,761
1,1377,3774
5,1377,759
2,1377,1893
10,1377,383
8,1377,459
6,1377,547
4,1377,926
7,1377,548
3,1377,1176
9,1377,406
4,1380,933
2,1380,1906
10,1380,384
9,1380,412
7,1380,553
1,1380,3799
8,1380,462
5,1380,762
6,1380,553
3,1380,1192
7,1381,553
1,1381,3801
2,1381,1907
5,1381,764
4,1381,934
1,1382,3802
6,1382,554
5,1382,765
10,1383,383
4,1383,933
5,1383,765
5,1384,760
8,1384,455
9,1384,409
1,1384,3780
6,1384,551
3,1384,1180
2,1384,1887
7,1384,547
10,1384,382
4,1384,925
1,1387,3799
7,1387,548
4,1387,931
3,1387,1187
2,1387,1897
10,1387,384
6,1387,557
5,1387,766
9,1387,410
3,1388,1186
1,1388,3801
4,1388,932
7,1388,550
5,1388,767
2,1388,1898
8,1388,455
7,1389,551
4,1389,933
2,1389,1899
5,1389,768
6,1389,556
10,1389,385
4,1390,932
2,1390,1899
3,1390,1185
10,1390,386
7,1391,547
5,1391,763
10,1391,382
6,1391,552
3,1391,1179
9,1391,407
8,1391,450
4,1391,924
1,1391,3782
2,1391,1890
4,1394,929
6,1394,557
2,1394,1910
1,1394,3805
5,1394,768
3,1394,1186
9,1394,411
8,1394,453
10,1394,386
7,1394,548
2,1395,1912
1,1395,3805
6,1395,558
3,1395,1187
4,1395,930
3,1396,1186
2,1396,1914
10,1396,385
4,1396,931
1,1396,3805
8,1396,454
9,1396,412
3,1397,1185
1,1397,3806
7,1397,547
6,1398,554
10,1398,381
4,1398,921
1,1398,3778
7,1398,542
3,1398,1175
9,1398,409
5,1398,755
8,1398,452
2,1398,1897
1,1401,3800
10,1401,384
7,1401,546
2,1401,1919
4,1401,924
8,1401,453
9,1401,412
5,1401,761
3,1401,1183
6,1401,560
6,1402,561
8,1402,453
9,1402,411
3,1402,1185
2,1402,1921
1,1402,3804
4,1402,925
1,1403,3804
3,1403,1186
8,1403,452
10,1403,385
7,1405,544
2,1405,1913
8,1405,449
3,1405,1182
9,1405,410
4,1405,919
10,1405,384
5,1405,757
6,1405,559
1,1405,3778
2,1408,1923
8,1408,453
7,1408,546
6,1408,563
9,1408,414
4,1408,923
3,1408,1197
5,1408,763
10,1408,388
1,1408,3810
2,1409,1926
4,1409,924
8,1409,454
5,1409,764
9,1409,415
1,1409,3812
1,1410,3816
5,1410,765
3,1410,1199
3,1411,1197
6,1411,562
2,1411,1925
1,1411,3813
4,1411,923
6,1412,558
2,1412,1913
4,1412,915
5,1412,760
8,1412,450
3,1412,1188
7,1412,541
1,1412,3777
10,1412,386
6,1415,561
8,1415,453
9,1415,418
4,1415,920
7,1415,546
10,1415,389
2,1415,1921
3,1415,1197
1,1415,3805
5,1415,768
1,1416,3808
8,1416,454
2,1416,1926
6,1416,562
3,1416,1198
9,1417,419
2,1417,1927
4,1417,921
1,1418,3808
5,1419,767
2,1419,1911
8,1419,452
3,1419,1186
9,1419,417
7,1419,542
10,1419,387
4,1419,916
1,1419,3788
6,1422,566
3,1422,1194
10,1422,391
4,1422,921
2,1422,1927
5,1422,773
9,1422,423
1,1422,3814
3,1423,1195
4,1423,922
9,1423,422
1,1423,3815
2,1423,1928
10,1423,390
4,1424,923
1,1424,3815
8,1424,451
3,1424,1197
2,1424,1930
1,1425,3814
3,1425,1196
2,1425,1931
2,1426,1912
1,1426,3788
10,1426,388
3,1426,1191
6,1426,558
8,1426,450
9,1426,418
4,1426,913
7,1426,541
5,1426,768
4,1429,923
8,1429,453
6,1429,562
5,1429,770
10,1429,390
3,1429,1199
1,1429,3816
9,1429,421
7,1429,545
2,1429,1936
2,1430,1938
3,1430,1198
5,1430,771
1,1430,3818
9,1430,422
4,1430,926
6,1431,564
9,1431,423
8,1431,454
1,1431,3817
8,1433,451
2,1433,1916
6,1433,560
10,1433,389
7,1433,541
9,1433,419
5,1433,764
3,1433,1189
1,1433,3784
4,1433,920
9,1436,420
10,1436,393
6,1436,564
1,1436,3813
4,1436,927
2,1436,1931
3,1436,1198
5,1436,772
8,1436,454
7,1436,547
1,1437,3815
7,1437,546
2,1437,1932
9,1437,421
1,1438,3816
5,1438,773
7,1438,548
3,1440,1189
10,1440,387
5,1440,767
4,1440,913
1,1440,3790
2,1440,1918
6,1440,562
9,1440,419
8,1440,449
7,1440,545
9,1443,425
3,1443,1200
2,1443,1938
6,1443,562
10,1443,388
1,1443,3813
5,1443,771
4,1443,916
7,1443,547
8,1443,450
10,1444,389
7,1444,546
9,1444,425
1,1444,3815
2,1444,1937
5,1444,772
3,1444,1199
4,1444,917
8,1444,449
8,1445,450
7,1445,547
5,1445,773
3,1445,1201
1,1445,3818
4,1445,918
2,1445,1938
3,1446,1199
1,1446,3818
4,1446,917
2,1446,1937
7,1446,546
7,1447,543
9,1447,419
3,1447,1193
6,1447,558
4,1447,910
8,1447,446
10,1447,384
5,1447,770
2,1447,1924
1,1447,3785
6,1450,560
5,1450,775
2,1450,1930
7,1450,544
3,1450,1201
9,1450,422
10,1450,388
1,1450,3817
4,1450,912
8,1450,449
1,1451,3820
8,1451,451
3,1451,1203
4,1451,911
2,1451,1932
5,1451,774
5,1452,775
1,1452,3820
2,1452,1931
5,1453,777
1,1453,3821
2,1453,1932
2,1454,1915
5,1454,774
8,1454,449
4,1454,901
10,1454,386
3,1454,1193
9,1454,417
1,1454,3799
7,1454,534
6,1454,559
4,1458,904
9,1458,422
5,1458,778
10,1458,392
2,1458,1933
7,1458,539
6,1458,565
3,1458,1203
1,1458,3820
8,1458,452
3,1459,1205
2,1459,1936
10,1459,393
6,1459,566
9,1459,422
7,1459,540
4,1459,905
1,1459,3820
1,1460,3819
3,1460,1204
5,1460,777
4,1460,904
9,1461,420
5,1461,772
3,1461,1195
4,1461,897
2,1461,1921
6,1461,561
10,1461,391
7,1461,537
1,1461,3784
8,1461,449
4,1464,906
10,1464,390
1,1464,3812
3,1464,1203
2,1464,1931
6,1464,567
9,1464,427
5,1464,780
8,1464,453
7,1464,540
3,1465,1205
8,1465,452
2,1465,1932
4,1465,907
5,1465,779
1,1465,3813
7,1466,538
2,1466,1935
8,1466,451
5,1466,778
6,1466,569
3,1466,1207
4,1466,905
1,1466,3812
6,1467,568
1,1467,3809
5,1467,777
2,1467,1934
10,1467,389
4,1467,905
3,1468,1198
2,1468,1916
4,1468,900
5,1468,774
10,1468,386
6,1468,564
11,1468,6
1,1468,3779
9,1468,425
8,1468,447
7,1468,537
4,1471,901
6,1471,568
3,1471,1206
5,1471,781
8,1471,451
9,1471,427
1,1471,3802
2,1471,1929
7,1471,541
10,1471,395
2,1472,1930
3,1472,1210
1,1472,3805
5,1473,782
2,1473,1929
1,1473,3807
6,1474,569
2,1474,1928
3,1474,1211
4,1474,900
10,1474,396
1,1474,3807
7,1475,536
10,1475,389
4,1475,895
9,1475,425
11,1475,5
6,1475,562
1,1475,3778
8,1475,448
5,1475,776
3,1475,1194
2,1475,1913
3,1478,1202
9,1478,428
10,1478,391
6,1478,565
2,1478,1929
4,1478,904
5,1478,777
1,1478,3811
7,1478,548
8,1478,451
5,1479,778
3,1479,1203
1,1479,3813
6,1479,566
7,1479,550
2,1480,1930
5,1480,779
1,1480,3814
3,1480,1204
7,1481,551
2,1481,1929
4,1481,903
1,1481,3814
8,1481,450
4,1482,899
2,1482,1913
1,1482,3794
6,1482,564
10,1482,387
7,1482,549
3,1482,1196
8,1482,445
5,1482,771
9,1482,426
2,1486,1933
8,1486,449
7,1486,551
5,1486,782
3,1486,1203
10,1486,391
6,1486,567
4,1486,901
1,1486,3826
9,1486,428
1,1487,3827
3,1487,1205
4,1487,901
2,1487,1934
7,1488,550
2,1488,1933
5,1488,783
1,1488,3829
3,1489,1197
2,1489,1922
9,1489,423
10,1489,389
4,1489,892
8,1489,446
6,1489,562
5,1489,779
1,1489,3802
7,1489,543
4,1492,896
10,1492,393
5,1492,785
8,1492,447
7,1492,547
2,1492,1938
6,1492,565
1,1492,3828
3,1492,1207
9,1492,426
2,1493,1939
4,1493,897
5,1493,786
3,1493,1208
6,1493,566
2,1494,1938
1,1494,3830
5,1494,787
8,1495,448
1,1495,3832
3,1495,1210
7,1495,546
4,1495,896
10,1496,389
7,1496,538
9,1496,425
1,1496,3796
6,1496,561
8,1496,442
3,1496,1203
5,1496,782
4,1496,888
2,1496,1920
2,1499,1931
5,1499,791
3,1499,1209
1,1499,3824
8,1499,445
6,1499,567
9,1499,427
10,1499,391
4,1499,893
7,1499,543
1,1500,3825
4,1500,894
3,1500,1211
8,1500,446
6,1500,568
7,1500,544
9,1500,426
1,1501,3828
4,1501,893
2,1501,1932
5,1501,791
1,1502,3829
10,1502,390
9,1503,424
2,1503,1917
5,1503,778
4,1503,882
1,1503,3801
6,1503,567
8,1503,440
10,1503,386
7,1503,535
3,1503,1200
10,1506,389
2,1506,1931
3,1506,1211
5,1506,785
1,1506,3828
4,1506,894
7,1506,539
9,1506,427
6,1506,572
8,1506,444
3,1507,1212
2,1507,1933
6,1507,571
4,1507,896
7,1507,540
1,1507,3831
9,1507,428
2,1508,1936
3,1508,1213
5,1508,786
1,1508,3830
8,1508,445
9,1509,429
2,1509,1935
5,1509,785
1,1509,3830
3,1510,1205
7,1510,535
10,1510,387
1,1510,3796
4,1510,893
5,1510,779
6,1510,565
2,1510,1926
9,1510,427
8,1510,444
2,1513,1944
7,1513,537
10,1513,392
5,1513,783
3,1513,1216
1,1513,3827
9,1513,431
4,1513,900
6,1513,568
8,1513,449
1,1514,3830
5,1514,784
2,1514,1944
4,1514,900
7,1515,538
1,1515,3831
3,1515,1218
8,1516,450
3,1516,1219
2,1516,1945
1,1516,3832
2,1517,1933
3,1517,1203
1,1517,3796
9,1517,428
5,1517,779
7,1517,536
10,1517,385
8,1517,448
4,1517,894
6,1517,563
1,1520,3820
10,1520,389
4,1520,901
7,1520,538
3,1520,1211
6,1520,567
2,1520,1955
9,1520,429
12,1520,12
5,1520,788
8,1520,453
3,1521,1213
4,1521,902
7,1521,539
2,1521,1958
1,1521,3824
9,1521,430
1,1522,3830
6,1522,566
3,1522,1214
2,1522,1959
10,1522,390
1,1523,3833
1,1524,3800
4,1524,898
7,1524,535
2,1524,1939
5,1524,782
8,1524,451
6,1524,561
9,1524,427
10,1524,387
3,1524,1208
7,1527,539
5,1527,787
6,1527,566
9,1527,430
4,1527,909
10,1527,390
2,1527,1952
3,1527,1218
8,1527,453
1,1527,3821
4,1528,910
2,1528,1953
7,1528,542
1,1528,3823
3,1528,1219
2,1529,1955
7,1529,542
8,1529,455
3,1529,1220
1,1529,3825
6,1529,567
8,1530,456
4,1530,912
2,1530,1954
10,1530,391
1,1530,3825
8,1534,456
5,1534,779
7,1534,540
10,1534,387
3,1534,1223
2,1534,1964
4,1534,913
9,1534,429
6,1534,568
1,1534,3813
8,1535,457
3,1535,1226
1,1535,3814
7,1535,542
2,1535,1967
6,1536,569
1,1536,3816
9,1536,430
4,1536,914
2,1536,1968
1,1537,3817
10,1537,388
2,1538,1948
8,1538,452
1,1538,3786
3,1538,1218
6,1538,563
9,1538,428
5,1538,773
10,1538,385
7,1538,536
4,1538,902
4,1541,905
5,1541,780
8,1541,456
2,1541,1960
7,1541,542
9,1541,431
6,1541,568
1,1541,3816
3,1541,1228
10,1541,389
6,1542,569
7,1542,543
8,1542,458
1,1542,3818
10,1542,388
1,1543,3822
2,1543,1962
4,1543,906
3,1543,1229
1,1544,3822
7,1545,539
9,1545,428
4,1545,901
10,1545,386
5,1545,775
8,1545,454
6,1545,566
2,1545,1947
3,1545,1224
1,1545,3806
4,1548,906
3,1548,1229
6,1548,568
9,1548,431
7,1548,541
2,1548,1960
1,1548,3838
5,1548,780
8,1548,457
10,1548,387
2,1549,1962
1,1549,3839
4,1549,907
9,1549,433
8,1550,458
2,1550,1964
5,1550,781
8,1551,459
2,1551,1965
7,1551,542
4,1551,906
1,1552,3808
8,1552,455
3,1552,1219
10,1552,385
9,1552,429
5,1552,776
6,1552,563
7,1552,539
4,1552,898
2,1552,1950
8,1555,458
3,1555,1228
4,1555,911
2,1555,1964
5,1555,779
6,1555,566
1,1555,3830
7,1555,544
9,1555,431
10,1555,387
2,1556,1966
1,1556,3835
8,1556,459
6,1556,568
1,1557,3838
2,1557,1965
10,1557,387
6,1557,568
8,1557,460
3,1557,1229
4,1557,913
2,1558,1963
7,1558,545
6,1558,569
10,1559,384
9,1559,429
6,1559,562
3,1559,1217
7,1559,537
2,1559,1952
4,1559,905
5,1559,772
8,1559,456
1,1559,3804
4,1562,914
9,1562,434
1,1562,3823
5,1562,778
7,1562,541
10,1562,387
3,1562,1225
2,1562,1963
8,1562,461
6,1562,565
7,1563,543
9,1563,435
1,1563,3826
8,1563,462
4,1563,915
6,1563,566
5,1563,780
1,1564,3828
2,1564,1964
1,1565,3827
3,1565,1226
2,1565,1963
6,1566,561
3,1566,1214
9,1566,431
8,1566,459
10,1566,379
11,1566,4
12,1566,10
2,1566,1948
4,1566,900
1,1566,3789
7,1566,540
5,1566,775
2,1569,1967
4,1569,907
8,1569,463
3,1569,1224
6,1569,570
1,1569,3811
5,1569,782
7,1569,542
9,1569,434
1,1570,3815
2,1570,1969
10,1570,380
3,1570,1226
2,1571,1971
4,1571,908
1,1571,3819
8,1571,462
5,1572,781
9,1572,433
3,1572,1226
6,1572,569
8,1572,463
7,1573,540
3,1573,1217
4,1573,900
6,1573,563
10,1573,377
5,1573,772
2,1573,1949
1,1573,3793
5,1576,777
4,1576,905
7,1576,545
3,1576,1222
2,1576,1969
1,1576,3818
8,1576,467
9,1576,436
6,1576,564
10,1576,382
3,1577,1221
1,1577,3817
8,1577,466
2,1577,1971
6,1577,565
10,1577,384
5,1578,775
3,1578,1219
1,1578,3818
2,1578,1972
2,1579,1972
9,1579,436
1,1580,3796
8,1580,464
5,1580,772
6,1580,561
7,1580,538
2,1580,1954
10,1580,382
4,1580,900
9,1580,432
3,1580,1212
9,1584,435
7,1584,539
2,1584,1971
8,1584,470
3,1584,1224
1,1584,3824
10,1584,384
5,1584,779
4,1584,907
6,1584,562
3,1585,1226
5,1585,781
1,1585,3827
6,1585,563
2,1585,1973
4,1585,908
2,1586,1971
10,1586,385
3,1586,1225
1,1586,3825
1,1587,3788
4,1587,901
2,1587,1958
7,1587,536
3,1587,1217
5,1587,774
6,1587,558
10,1587,381
8,1587,464
7,1590,536
4,1590,909
6,1590,560
2,1590,1974
5,1590,783
10,1590,387
9,1590,439
3,1590,1226
1,1590,3812
1,1591,3816
2,1591,1973
6,1591,561
10,1591,388
3,1591,1227
4,1591,910
1,1592,3817
2,1592,1972
2,1593,1972
1,1593,3819
3,1593,1228
5,1593,782
3,1594,1223
2,1594,1952
6,1594,559
10,1594,383
5,1594,779
1,1594,3791
8,1594,463
4,1594,903
7,1594,533
9,1594,435
1,1597,3825
8,1597,470
6,1597,566
3,1597,1234
2,1597,1973
4,1597,909
7,1597,537
5,1597,781
7,1598,538
2,1598,1974
3,1598,1238
1,1598,3828
2,1599,1975
7,1599,539
1,1599,3829
10,1599,384
6,1599,565
4,1599,910
2,1600,1974
9,1600,436
7,1600,538
8,1600,471
10,1600,383
7,1601,534
1,1601,3799
8,1601,464
10,1601,377
4,1601,905
6,1601,559
3,1601,1231
5,1601,774
2,1601,1961
9,1601,433
4,1604,907
8,1604,467
10,1604,379
5,1604,779
1,1604,3823
6,1604,566
3,1604,1236
2,1604,1971
9,1604,437
6,1605,566
1,1605,3821
5,1605,781
9,1605,438
8,1605,468
7,1605,535
2,1605,1973
2,1606,1973
1,1606,3822
4,1606,908
3,1606,1238
6,1606,567
1,1607,3823
5,1608,775
10,1608,376
3,1608,1225
6,1608,565
8,1608,465
2,1608,1961
9,1608,436
4,1608,903
7,1608,532
1,1608,3793
2,1611,1974
5,1611,783
10,1611,381
8,1611,466
9,1611,438
4,1611,911
6,1611,568
3,1611,1236
7,1611,536
1,1611,3821
10,1612,382
9,1612,437
1,1612,3825
4,1612,912
2,1612,1975
2,1613,1976
1,1613,3827
5,1613,784
10,1613,383
1,1614,3825
1,1615,3789
9,1615,435
6,1615,565
8,1615,464
5,1615,776
4,1615,907
3,1615,1216
10,1615,381
7,1615,531
2,1615,1963
10,1618,385
5,1618,783
1,1618,3817
8,1618,467
2,1618,1974
6,1618,567
4,1618,916
7,1618,533
9,1618,438
3,1618,1221
2,1619,1975
4,1619,917
5,1619,784
1,1619,3818
3,1619,1222
6,1619,566
1,1620,3820
2,1620,1977
5,1620,785
7,1621,532
5,1621,786
8,1621,468
1,1621,3822
6,1621,567
4,1621,916
3,1625,1228
2,1625,1986
9,1625,433
7,1625,535
8,1625,469
1,1625,3822
10,1625,385
5,1625,781
6,1625,566
12,1625,11
4,1625,919
5,1626,783
3,1626,1228
9,1626,432
1,1626,3827
4,1626,922
5,1627,783
2,1627,1986
6,1627,567
1,1627,3831
3,1627,1230
4,1628,923
1,1628,3830
2,1628,1987
6,1629,562
2,1629,1973
9,1629,425
7,1629,530
10,1629,382
5,1629,777
8,1629,467
1,1629,3799
4,1629,917
3,1629,1220
2,1632,1986
1,1632,3820
8,1632,473
6,1632,566
10,1632,388
4,1632,925
3,1632,1231
9,1632,427
7,1632,533
5,1632,784
4,1633,924
9,1633,426
2,1633,1986
10,1633,387
1,1633,3822
1,1634,3825
3,1634,1232
6,1634,567
2,1634,1985
7,1635,532
3,1635,1232
1,1636,3801
3,1636,1214
8,1636,469
9,1636,424
2,1636,1975
5,1636,780
4,1636,918
10,1636,386
6,1636,562
7,1636,529
7,1639,531
4,1639,921
1,1639,3824
10,1639,388
5,1639,787
2,1639,1992
6,1639,566
3,1639,1225
9,1639,429
8,1639,473
1,1640,3827
2,1640,1993
10,1640,389
1,1641,3830
1,1642,3831
5,1642,788
2,1642,1995
4,1642,921
6,1642,568
3,1643,1218
5,1643,781
4,1643,915
10,1643,387
8,1643,470
1,1643,3807
7,1643,529
2,1643,1985
9,1643,427
6,1643,566
12,1646,12
3,1646,1224
1,1646,3841
5,1646,786
8,1646,474
2,1646,1992
9,1646,431
6,1646,571
7,1646,532
4,1646,922
10,1646,395
2,1647,1994
5,1647,787
1,1647,3841
8,1647,475
9,1647,430
10,1647,396
3,1647,1223
7,1647,533
4,1647,923
1,1648,3842
8,1648,476
2,1648,1993
7,1648,532
1,1649,3841
3,1649,1222
9,1649,431
7,1650,527
9,1650,429
5,1650,782
3,1650,1213
6,1650,568
4,1650,914
8,1650,471
1,1650,3809
2,1650,1981
10,1650,390
8,1653,477
1,1653,3837
9,1653,433
3,1653,1224
5,1653,787
2,1653,1993
10,1653,393
4,1653,921
6,1653,574
7,1653,532
4,1654,922
6,1654,575
1,1654,3839
7,1654,531
2,1654,1995
3,1654,1225
4,1655,922
1,1655,3840
3,1655,1226
2,1655,1996
3,1656,1227
1,1656,3841
9,1656,434
9,1657,431
4,1657,911
6,1657,573
7,1657,528
3,1657,1212
5,1657,779
8,1657,475
10,1657,391
1,1657,3826
2,1657,1981
5,1660,787
3,1660,1226
1,1660,3850
7,1660,531
2,1660,1997
9,1660,432
4,1660,922
6,1660,579
10,1660,392
8,1660,478
1,1661,3854
6,1661,580
4,1662,923
3,1662,1226
1,1662,3857
1,1663,3856
2,1663,1996
3,1663,1225
6,1663,579
3,1664,1215
8,1664,476
6,1664,573
5,1664,784
7,1664,528
2,1664,1986
10,1664,391
4,1664,916
1,1664,3823
9,1664,428
4,1667,921
2,1667,1999
3,1667,1224
7,1667,532
9,1667,429
1,1667,3851
6,1667,576
5,1667,787
8,1667,479
10,1667,392
6,1668,577
4,1668,922
9,1668,431
7,1668,533
10,1668,393
5,1669,788
1,1669,3854
2,1669,1998
7,1669,534
3,1669,1226
9,1669,432
8,1670,478
1,1670,3855
2,1670,1999
1,1671,3822
6,1671,570
3,1671,1214
2,1671,1989
5,1671,782
8,1671,471
4,1671,910
10,1671,391
7,1671,527
9,1671,429
5,1674,786
3,1674,1225
10,1674,392
4,1674,917
2,1674,2004
1,1674,3843
9,1674,435
7,1674,531
6,1674,571
8,1674,474
5,1675,787
2,1675,2006
1,1675,3844
6,1675,572
7,1675,532
8,1675,476
3,1676,1226
1,1676,3845
4,1676,917
1,1677,3846
2,1677,2007
4,1677,918
10,1677,391
5,1677,787
5,1678,779
6,1678,565
9,1678,431
4,1678,909
1,1678,3818
10,1678,388
3,1678,1213
2,1678,1988
3,1681,1226
2,1681,1999
4,1681,914
8,1681,479
1,1681,3852
5,1681,782
9,1681,433
7,1681,533
6,1681,571
10,1681,390
1,1682,3854
1,1683,3856
9,1683,434
7,1683,534
5,1683,784
1,1684,3856
7,1684,533
9,1684,435
2,1684,2000
3,1684,1225
6,1685,569
5,1685,778
1,1685,3834
7,1685,529
3,1685,1214
10,1685,385
4,1685,906
9,1685,432
2,1685,1982
8,1685,474
9,1689,437
7,1689,532
1,1689,3869
4,1689,912
8,1689,477
5,1689,780
10,1689,386
2,1689,1998
3,1689,1218
6,1689,570
2,1690,1999
3,1690,1219
1,1690,3870
6,1690,571
3,1691,1220
8,1691,478
7,1691,533
10,1691,385
1,1692,3836
7,1692,529
9,1692,428
5,1692,775
8,1692,476
2,1692,1984
4,1692,903
10,1692,383
3,1692,1207
6,1692,565
10,1695,388
5,1695,782
6,1695,570
9,1695,433
8,1695,480
4,1695,918
3,1695,1215
7,1695,533
2,1695,1994
1,1695,3860
10,1696,389
3,1696,1216
1,1696,3866
5,1696,783
2,1696,1995
1,1697,3869
2,1697,1998
6,1697,571
5,1697,784
4,1698,917
1,1698,3870
6,1699,564
1,1699,3839
8,1699,479
9,1699,427
2,1699,1977
10,1699,387
5,1699,774
7,1699,530
3,1699,1203
4,1699,913
10,1702,388
7,1702,535
2,1702,1996
4,1702,919
5,1702,780
3,1702,1213
1,1702,3872
8,1702,480
9,1702,431
6,1702,567
1,1703,3876
3,1703,1214
9,1703,432
2,1703,1997
4,1703,920
3,1704,1213
1,1704,3878
2,1705,1998
4,1705,919
2,1706,1986
8,1706,475
7,1706,532
3,1706,1204
4,1706,914
6,1706,562
1,1706,3844
10,1706,384
9,1706,427
5,1706,770
1,1709,3870
5,1709,774
6,1709,568
9,1709,429
7,1709,535
4,1709,921
2,1709,2001
8,1709,478
3,1709,1207
1,1710,3874
3,1710,1208
4,1710,922
2,1710,2003
2,1711,2004
1,1711,3875
4,1712,921
2,1712,2005
7,1712,536
1,1712,3876
3,1712,1207
1,1713,3852
5,1713,772
7,1713,528
4,1713,917
10,1713,377
6,1713,566
2,1713,1990
8,1713,470
9,1713,425
3,1713,1198
5,1716,776
8,1716,473
4,1716,924
3,1716,1213
10,1716,380
9,1716,427
7,1716,530
2,1716,2001
1,1716,3883
6,1716,572
4,1717,927
6,1717,573
5,1717,777
10,1717,381
1,1717,3884
2,1717,2001
4,1718,928
1,1718,3886
3,1719,1214
1,1719,3885
4,1719,929
10,1719,380
2,1719,2001
2,1720,1986
7,1720,524
8,1720,470
6,1720,565
9,1720,424
10,1720,379
4,1720,926
3,1720,1201
1,1720,3848
5,1720,770
9,1723,426
4,1723,931
1,1723,3876
10,1723,383
5,1723,776
7,1723,530
2,1723,2004
8,1723,474
6,1723,570
3,1723,1206
10,1724,384
5,1724,778
1,1724,3877
4,1724,932
2,1724,2005
3,1724,1207
5,1725,779
1,1725,3879
4,1725,930
6,1725,569
9,1726,425
6,1726,568
1,1726,3880
7,1727,527
5,1727,770
1,1727,3853
3,1727,1192
10,1727,381
2,1727,1990
4,1727,917
8,1727,469
6,1727,562
9,1727,422
2,1730,2005
1,1730,3881
10,1730,384
3,1730,1204
4,1730,924
5,1730,776
7,1730,534
8,1730,471
6,1730,568
9,1730,424
6,1731,569
1,1731,3882
5,1731,777
10,1732,386
4,1732,925
9,1732,425
2,1732,2006
1,1732,3886
6,1733,569
3,1733,1205
5,1733,776
2,1733,2005
5,1734,771
7,1734,529
2,1734,1997
8,1734,462
1,1734,3853
9,1734,421
10,1734,383
3,1734,1195
4,1734,914
8,1737,465
9,1737,426
3,1737,1208
10,1737,385
5,1737,778
4,1737,924
2,1737,2004
6,1737,576
1,1737,3877
7,1737,536
4,1738,925
5,1738,780
2,1738,2006
6,1738,577
3,1738,1209
3,1739,1210
5,1739,781
2,1739,2007
10,1739,384
1,1739,3878
8,1740,466
1,1740,3879
2,1740,2006
5,1740,780
3,1741,1201
8,1741,464
7,1741,532
6,1741,573
2,1741,1990
10,1741,383
1,1741,3850
9,1741,423
4,1741,913
5,1741,772
7,1744,537
3,1744,1213
9,1744,427
8,1744,466
6,1744,576
2,1744,2000
4,1744,917
10,1744,386
1,1744,3881
5,1744,776
4,1745,918
5,1745,777
6,1745,577
7,1745,536
8,1745,467
10,1745,387
2,1745,2003
1,1745,3884
2,1746,2003
4,1746,919
1,1746,3884
6,1746,576
9,1746,428
9,1747,427
8,1747,468
1,1747,3885
3,1747,1213
2,1747,2002
2,1748,1991
4,1748,908
9,1748,422
1,1748,3853
5,1748,766
6,1748,572
8,1748,462
10,1748,384
3,1748,1205
7,1748,530
8,1751,464
5,1751,771
2,1751,1997
7,1751,533
9,1751,427
3,1751,1210
4,1751,912
6,1751,576
1,1751,3882
10,1751,389
2,1752,2001
6,1752,577
7,1752,534
1,1752,3881
5,1752,770
2,1753,2004
1,1753,3881
3,1753,1212
6,1753,578
1,1754,3884
7,1754,533
2,1754,2004
3,1754,1211
4,1754,913
1,1755,3848
7,1755,528
3,1755,1206
5,1755,762
4,1755,908
6,1755,570
9,1755,426
2,1755,1982
8,1755,460
10,1755,385
6,1758,577
3,1758,1213
7,1758,534
10,1758,386
1,1758,3875
5,1758,768
4,1758,916
9,1758,429
2,1758,1998
8,1758,465
1,1759,3874
4,1759,916
2,1759,1998
3,1760,1214
4,1760,915
2,1760,2000
1,1760,3875
1,1761,3876
4,1761,914
2,1761,2001
3,1761,1215
4,1762,904
2,1762,1986
9,1762,425
5,1762,760
7,1762,531
10,1762,382
1,1762,3842
8,1762,459
3,1762,1208
6,1762,575
3,1765,1217
4,1765,906
9,1765,430
2,1765,2005
5,1765,767
8,1765,467
10,1765,384
1,1765,3867
6,1765,579
7,1765,533
10,1766,383
4,1766,907
1,1766,3867
2,1766,2006
8,1766,468
3,1766,1218
3,1767,1219
2,1767,2006
1,1767,3873
7,1767,536
4,1767,908
9,1769,426
3,1769,1205
8,1769,463
7,1769,533
2,1769,1991
6,1769,575
4,1769,899
5,1769,757
1,1769,3838
10,1769,380
8,1772,466
1,1772,3863
5,1772,769
7,1772,535
9,1772,430
2,1772,2004
10,1772,383
6,1772,579
4,1772,909
3,1772,1215
2,1773,2007
1,1773,3866
6,1773,580
3,1773,1216
4,1773,910
1,1774,3867
10,1774,384
7,1774,536
8,1775,467
2,1775,2009
1,1775,3867
3,1775,1215
7,1775,535
9,1775,429
4,1776,906
3,1776,1207
2,1776,1997
7,1776,528
1,1776,3841
10,1776,381
6,1776,576
5,1776,766
9,1776,425
8,1776,463
1,1779,3863
9,1779,431
10,1779,384
2,1779,2012
3,1779,1218
8,1779,468
4,1779,910
7,1779,532
5,1779,772
6,1779,578
2,1780,2014
1,1780,3863
3,1780,1217
9,1780,432
6,1780,579
4,1781,909
3,1781,1218
2,1781,2016
1,1781,3864
10,1782,385
1,1782,3865
